IMAGE LABEL,FOSSIL IN THE PATCH?,FOSSIL IN THE CENTER?,image has been checked?
C:\Users\dahli\OneDrive\Documents\ACRPatchesGrid\OPB_15.4_patch1.png,FALSE,FALSE,TRUE
C:\Users\dahli\OneDrive\Documents\ACRPatchesGrid\OPB_15.4_patch2.png,FALSE,FALSE,TRUE
C:\Users\dahli\OneDrive\Documents\ACRPatchesGrid\OPB_15.4_patch3.png,FALSE,FALSE,TRUE
C:\Users\dahli\OneDrive\Documents\ACRPatchesGrid\OPB_15.4_patch4.png,FALSE,FALSE,TRUE
C:\Users\dahli\OneDrive\Documents\ACRPatchesGrid\OPB_15.4_patch5.png,FALSE,FALSE,TRUE
C:\Users\dahli\OneDrive\Documents\ACRPatchesGrid\OPB_15.4_patch6.png,TRUE,FALSE,TRUE
C:\Users\dahli\OneDrive\Documents\ACRPatchesGrid\OPB_15.4_patch7.png,TRUE,FALSE,TRUE
C:\Users\dahli\OneDrive\Documents\ACRPatchesGrid\OPB_15.4_patch8.png,TRUE,FALSE,TRUE
C:\Users\dahli\OneDrive\Documents\ACRPatchesGrid\OPB_15.4_patch9.png,TRUE,FALSE,TRUE
C:\Users\dahli\OneDrive\Documents\ACRPatchesGrid\OPB_15.4_patch10.png,TRUE,FALSE,TRUE
C:\Users\dahli\OneDrive\Documents\ACRPatchesGrid\OPB_15.4_patch11.png,TRUE,FALSE,TRUE
C:\Users\dahli\OneDrive\Documents\ACRPatchesGrid\OPB_15.4_patch12.png,FALSE,FALSE,TRUE
C:\Users\dahli\OneDrive\Documents\ACRPatchesGrid\OPB_15.4_patch13.png,FALSE,FALSE,TRUE
C:\Users\dahli\OneDrive\Documents\ACRPatchesGrid\OPB_15.4_patch14.png,FALSE,FALSE,TRUE
C:\Users\dahli\OneDrive\Documents\ACRPatchesGrid\OPB_15.4_patch15.png,TRUE,FALSE,TRUE
C:\Users\dahli\OneDrive\Documents\ACRPatchesGrid\OPB_15.4_patch16.png,TRUE,FALSE,TRUE
C:\Users\dahli\OneDrive\Documents\ACRPatchesGrid\OPB_15.4_patch17.png,TRUE,FALSE,TRUE
C:\Users\dahli\OneDrive\Documents\ACRPatchesGrid\OPB_15.4_patch18.png,TRUE,FALSE,TRUE
C:\Users\dahli\OneDrive\Documents\ACRPatchesGrid\OPB_15.4_patch19.png,TRUE,FALSE,TRUE
C:\Users\dahli\OneDrive\Documents\ACRPatchesGrid\OPB_15.4_patch20.png,TRUE,FALSE,TRUE
C:\Users\dahli\OneDrive\Documents\ACRPatchesGrid\OPB_15.4_patch21.png,TRUE,FALSE,TRUE
C:\Users\dahli\OneDrive\Documents\ACRPatchesGrid\OPB_15.4_patch22.png,TRUE,FALSE,TRUE
C:\Users\dahli\OneDrive\Documents\ACRPatchesGrid\OPB_15.4_patch23.png,FALSE,FALSE,TRUE
C:\Users\dahli\OneDrive\Documents\ACRPatchesGrid\OPB_15.4_patch24.png,FALSE,FALSE,TRUE
C:\Users\dahli\OneDrive\Documents\ACRPatchesGrid\OPB_15.4_patch25.png,FALSE,FALSE,TRUE
C:\Users\dahli\OneDrive\Documents\ACRPatchesGrid\OPB_15.4_patch26.png,TRUE,FALSE,TRUE
C:\Users\dahli\OneDrive\Documents\ACRPatchesGrid\OPB_15.4_patch27.png,TRUE,FALSE,TRUE
C:\Users\dahli\OneDrive\Documents\ACRPatchesGrid\OPB_15.4_patch28.png,TRUE,FALSE,TRUE
C:\Users\dahli\OneDrive\Documents\ACRPatchesGrid\OPB_15.4_patch29.png,TRUE,FALSE,TRUE
C:\Users\dahli\OneDrive\Documents\ACRPatchesGrid\OPB_15.4_patch30.png,TRUE,FALSE,TRUE
C:\Users\dahli\OneDrive\Documents\ACRPatchesGrid\OPB_15.4_patch31.png,TRUE,FALSE,TRUE
C:\Users\dahli\OneDrive\Documents\ACRPatchesGrid\OPB_15.4_patch32.png,TRUE,FALSE,TRUE
C:\Users\dahli\OneDrive\Documents\ACRPatchesGrid\OPB_15.4_patch33.png,TRUE,FALSE,TRUE
C:\Users\dahli\OneDrive\Documents\ACRPatchesGrid\OPB_15.4_patch34.png,TRUE,FALSE,TRUE
C:\Users\dahli\OneDrive\Documents\ACRPatchesGrid\OPB_15.4_patch35.png,TRUE,FALSE,TRUE
C:\Users\dahli\OneDrive\Documents\ACRPatchesGrid\OPB_15.4_patch36.png,TRUE,FALSE,TRUE
C:\Users\dahli\OneDrive\Documents\ACRPatchesGrid\OPB_15.4_patch37.png,TRUE,FALSE,TRUE
C:\Users\dahli\OneDrive\Documents\ACRPatchesGrid\OPB_15.4_patch38.png,TRUE,FALSE,TRUE
C:\Users\dahli\OneDrive\Documents\ACRPatchesGrid\OPB_15.4_patch39.png,TRUE,FALSE,TRUE
C:\Users\dahli\OneDrive\Documents\ACRPatchesGrid\OPB_15.4_patch40.png,TRUE,FALSE,TRUE
C:\Users\dahli\OneDrive\Documents\ACRPatchesGrid\OPB_15.4_patch41.png,TRUE,FALSE,TRUE
C:\Users\dahli\OneDrive\Documents\ACRPatchesGrid\OPB_15.4_patch42.png,TRUE,FALSE,TRUE
C:\Users\dahli\OneDrive\Documents\ACRPatchesGrid\OPB_15.4_patch43.png,TRUE,FALSE,TRUE
C:\Users\dahli\OneDrive\Documents\ACRPatchesGrid\OPB_15.4_patch44.png,TRUE,FALSE,TRUE
C:\Users\dahli\OneDrive\Documents\ACRPatchesGrid\OPB_15.4_patch45.png,TRUE,FALSE,TRUE
C:\Users\dahli\OneDrive\Documents\ACRPatchesGrid\OPB_15.4_patch46.png,TRUE,FALSE,TRUE
C:\Users\dahli\OneDrive\Documents\ACRPatchesGrid\OPB_15.4_patch47.png,TRUE,FALSE,TRUE
C:\Users\dahli\OneDrive\Documents\ACRPatchesGrid\OPB_15.4_patch48.png,TRUE,FALSE,TRUE
C:\Users\dahli\OneDrive\Documents\ACRPatchesGrid\OPB_15.4_patch49.png,TRUE,FALSE,TRUE
C:\Users\dahli\OneDrive\Documents\ACRPatchesGrid\OPB_15.4_patch50.png,TRUE,FALSE,TRUE
C:\Users\dahli\OneDrive\Documents\ACRPatchesGrid\OPB_15.4_patch51.png,TRUE,FALSE,TRUE
C:\Users\dahli\OneDrive\Documents\ACRPatchesGrid\OPB_15.4_patch52.png,TRUE,FALSE,TRUE
C:\Users\dahli\OneDrive\Documents\ACRPatchesGrid\OPB_15.4_patch53.png,TRUE,FALSE,TRUE
C:\Users\dahli\OneDrive\Documents\ACRPatchesGrid\OPB_15.4_patch54.png,TRUE,FALSE,TRUE
C:\Users\dahli\OneDrive\Documents\ACRPatchesGrid\OPB_15.4_patch55.png,TRUE,FALSE,TRUE
C:\Users\dahli\OneDrive\Documents\ACRPatchesGrid\OPB_15.4_patch56.png,TRUE,FALSE,TRUE
C:\Users\dahli\OneDrive\Documents\ACRPatchesGrid\OPB_15.4_patch57.png,TRUE,FALSE,TRUE
C:\Users\dahli\OneDrive\Documents\ACRPatchesGrid\OPB_15.4_patch58.png,TRUE,FALSE,TRUE
C:\Users\dahli\OneDrive\Documents\ACRPatchesGrid\OPB_15.4_patch59.png,TRUE,FALSE,TRUE
C:\Users\dahli\OneDrive\Documents\ACRPatchesGrid\OPB_15.4_patch60.png,TRUE,FALSE,TRUE
C:\Users\dahli\OneDrive\Documents\ACRPatchesGrid\OPB_15.4_patch61.png,TRUE,FALSE,TRUE
C:\Users\dahli\OneDrive\Documents\ACRPatchesGrid\OPB_15.4_patch62.png,TRUE,FALSE,TRUE
C:\Users\dahli\OneDrive\Documents\ACRPatchesGrid\OPB_15.4_patch63.png,TRUE,FALSE,TRUE
C:\Users\dahli\OneDrive\Documents\ACRPatchesGrid\OPB_15.4_patch64.png,TRUE,FALSE,TRUE
C:\Users\dahli\OneDrive\Documents\ACRPatchesGrid\OPB_15.4_patch65.png,TRUE,FALSE,TRUE
C:\Users\dahli\OneDrive\Documents\ACRPatchesGrid\OPB_15.4_patch66.png,TRUE,FALSE,TRUE
C:\Users\dahli\OneDrive\Documents\ACRPatchesGrid\OPB_15.4_patch67.png,TRUE,FALSE,TRUE
C:\Users\dahli\OneDrive\Documents\ACRPatchesGrid\OPB_15.4_patch68.png,TRUE,FALSE,TRUE
C:\Users\dahli\OneDrive\Documents\ACRPatchesGrid\OPB_15.4_patch69.png,TRUE,FALSE,TRUE
C:\Users\dahli\OneDrive\Documents\ACRPatchesGrid\OPB_15.4_patch70.png,TRUE,FALSE,TRUE
C:\Users\dahli\OneDrive\Documents\ACRPatchesGrid\OPB_15.4_patch71.png,TRUE,FALSE,TRUE
C:\Users\dahli\OneDrive\Documents\ACRPatchesGrid\OPB_15.4_patch72.png,TRUE,FALSE,TRUE
C:\Users\dahli\OneDrive\Documents\ACRPatchesGrid\OPB_15.4_patch73.png,TRUE,FALSE,TRUE
C:\Users\dahli\OneDrive\Documents\ACRPatchesGrid\OPB_15.4_patch74.png,TRUE,FALSE,TRUE
C:\Users\dahli\OneDrive\Documents\ACRPatchesGrid\OPB_15.4_patch75.png,TRUE,FALSE,TRUE
C:\Users\dahli\OneDrive\Documents\ACRPatchesGrid\OPB_15.4_patch76.png,TRUE,FALSE,TRUE
C:\Users\dahli\OneDrive\Documents\ACRPatchesGrid\OPB_15.4_patch77.png,TRUE,FALSE,TRUE
C:\Users\dahli\OneDrive\Documents\ACRPatchesGrid\OPB_15.4_patch78.png,TRUE,FALSE,TRUE
C:\Users\dahli\OneDrive\Documents\ACRPatchesGrid\OPB_15.4_patch79.png,TRUE,FALSE,TRUE
C:\Users\dahli\OneDrive\Documents\ACRPatchesGrid\OPB_15.4_patch80.png,TRUE,FALSE,TRUE
C:\Users\dahli\OneDrive\Documents\ACRPatchesGrid\OPB_15.4_patch81.png,TRUE,FALSE,TRUE
C:\Users\dahli\OneDrive\Documents\ACRPatchesGrid\OPB_15.4_patch82.png,TRUE,FALSE,TRUE
C:\Users\dahli\OneDrive\Documents\ACRPatchesGrid\OPB_15.4_patch83.png,TRUE,FALSE,TRUE
C:\Users\dahli\OneDrive\Documents\ACRPatchesGrid\OPB_15.4_patch84.png,TRUE,FALSE,TRUE
C:\Users\dahli\OneDrive\Documents\ACRPatchesGrid\OPB_15.4_patch85.png,TRUE,FALSE,TRUE
C:\Users\dahli\OneDrive\Documents\ACRPatchesGrid\OPB_15.4_patch86.png,TRUE,FALSE,TRUE
C:\Users\dahli\OneDrive\Documents\ACRPatchesGrid\OPB_15.4_patch87.png,TRUE,FALSE,TRUE
C:\Users\dahli\OneDrive\Documents\ACRPatchesGrid\OPB_15.4_patch88.png,TRUE,FALSE,TRUE
C:\Users\dahli\OneDrive\Documents\ACRPatchesGrid\OPB_15.4_patch89.png,TRUE,FALSE,TRUE
C:\Users\dahli\OneDrive\Documents\ACRPatchesGrid\OPB_15.4_patch90.png,TRUE,FALSE,TRUE
C:\Users\dahli\OneDrive\Documents\ACRPatchesGrid\OPB_15.4_patch91.png,TRUE,FALSE,TRUE
C:\Users\dahli\OneDrive\Documents\ACRPatchesGrid\OPB_15.4_patch92.png,TRUE,FALSE,TRUE
C:\Users\dahli\OneDrive\Documents\ACRPatchesGrid\OPB_15.4_patch93.png,TRUE,FALSE,TRUE
C:\Users\dahli\OneDrive\Documents\ACRPatchesGrid\OPB_15.4_patch94.png,TRUE,FALSE,TRUE
C:\Users\dahli\OneDrive\Documents\ACRPatchesGrid\OPB_15.4_patch95.png,TRUE,FALSE,TRUE
C:\Users\dahli\OneDrive\Documents\ACRPatchesGrid\OPB_15.4_patch96.png,TRUE,FALSE,TRUE
C:\Users\dahli\OneDrive\Documents\ACRPatchesGrid\OPB_15.4_patch97.png,TRUE,FALSE,TRUE
C:\Users\dahli\OneDrive\Documents\ACRPatchesGrid\OPB_15.4_patch98.png,TRUE,FALSE,TRUE
C:\Users\dahli\OneDrive\Documents\ACRPatchesGrid\OPB_15.4_patch99.png,TRUE,FALSE,TRUE
C:\Users\dahli\OneDrive\Documents\ACRPatchesGrid\OPB_15.4_patch100.png,TRUE,FALSE,TRUE
C:\Users\dahli\OneDrive\Documents\ACRPatchesGrid\OPB_15.4_patch101.png,TRUE,FALSE,TRUE
C:\Users\dahli\OneDrive\Documents\ACRPatchesGrid\OPB_15.4_patch102.png,TRUE,FALSE,TRUE
C:\Users\dahli\OneDrive\Documents\ACRPatchesGrid\OPB_15.4_patch103.png,TRUE,FALSE,TRUE
C:\Users\dahli\OneDrive\Documents\ACRPatchesGrid\OPB_15.4_patch104.png,TRUE,FALSE,TRUE
C:\Users\dahli\OneDrive\Documents\ACRPatchesGrid\OPB_15.4_patch105.png,TRUE,FALSE,TRUE
C:\Users\dahli\OneDrive\Documents\ACRPatchesGrid\OPB_15.4_patch106.png,TRUE,FALSE,TRUE
C:\Users\dahli\OneDrive\Documents\ACRPatchesGrid\OPB_15.4_patch107.png,TRUE,FALSE,TRUE
C:\Users\dahli\OneDrive\Documents\ACRPatchesGrid\OPB_15.4_patch108.png,TRUE,FALSE,TRUE
C:\Users\dahli\OneDrive\Documents\ACRPatchesGrid\OPB_15.4_patch109.png,TRUE,FALSE,TRUE
C:\Users\dahli\OneDrive\Documents\ACRPatchesGrid\OPB_15.4_patch110.png,TRUE,FALSE,TRUE
C:\Users\dahli\OneDrive\Documents\ACRPatchesGrid\OPC_7.4_patch1.png,FALSE,FALSE,TRUE
C:\Users\dahli\OneDrive\Documents\ACRPatchesGrid\OPC_7.4_patch2.png,FALSE,FALSE,TRUE
C:\Users\dahli\OneDrive\Documents\ACRPatchesGrid\OPC_7.4_patch3.png,TRUE,FALSE,TRUE
C:\Users\dahli\OneDrive\Documents\ACRPatchesGrid\OPC_7.4_patch4.png,TRUE,FALSE,TRUE
C:\Users\dahli\OneDrive\Documents\ACRPatchesGrid\OPC_7.4_patch5.png,TRUE,FALSE,TRUE
C:\Users\dahli\OneDrive\Documents\ACRPatchesGrid\OPC_7.4_patch6.png,TRUE,FALSE,TRUE
C:\Users\dahli\OneDrive\Documents\ACRPatchesGrid\OPC_7.4_patch7.png,TRUE,FALSE,TRUE
C:\Users\dahli\OneDrive\Documents\ACRPatchesGrid\OPC_7.4_patch8.png,TRUE,FALSE,TRUE
C:\Users\dahli\OneDrive\Documents\ACRPatchesGrid\OPC_7.4_patch9.png,TRUE,FALSE,TRUE
C:\Users\dahli\OneDrive\Documents\ACRPatchesGrid\OPC_7.4_patch10.png,TRUE,FALSE,TRUE
C:\Users\dahli\OneDrive\Documents\ACRPatchesGrid\OPC_7.4_patch11.png,TRUE,FALSE,TRUE
C:\Users\dahli\OneDrive\Documents\ACRPatchesGrid\OPC_7.4_patch12.png,TRUE,FALSE,TRUE
C:\Users\dahli\OneDrive\Documents\ACRPatchesGrid\OPC_7.4_patch13.png,TRUE,FALSE,TRUE
C:\Users\dahli\OneDrive\Documents\ACRPatchesGrid\OPC_7.4_patch14.png,TRUE,FALSE,TRUE
C:\Users\dahli\OneDrive\Documents\ACRPatchesGrid\OPC_7.4_patch15.png,TRUE,FALSE,TRUE
C:\Users\dahli\OneDrive\Documents\ACRPatchesGrid\OPC_7.4_patch16.png,TRUE,FALSE,TRUE
C:\Users\dahli\OneDrive\Documents\ACRPatchesGrid\OPC_7.4_patch17.png,TRUE,FALSE,TRUE
C:\Users\dahli\OneDrive\Documents\ACRPatchesGrid\OPC_7.4_patch18.png,TRUE,FALSE,TRUE
C:\Users\dahli\OneDrive\Documents\ACRPatchesGrid\OPC_7.4_patch19.png,TRUE,FALSE,TRUE
C:\Users\dahli\OneDrive\Documents\ACRPatchesGrid\OPC_7.4_patch20.png,TRUE,FALSE,TRUE
C:\Users\dahli\OneDrive\Documents\ACRPatchesGrid\OPC_7.4_patch21.png,TRUE,FALSE,TRUE
C:\Users\dahli\OneDrive\Documents\ACRPatchesGrid\OPC_7.4_patch22.png,TRUE,FALSE,TRUE
C:\Users\dahli\OneDrive\Documents\ACRPatchesGrid\OPC_7.4_patch23.png,TRUE,FALSE,TRUE
C:\Users\dahli\OneDrive\Documents\ACRPatchesGrid\OPC_7.4_patch24.png,TRUE,FALSE,TRUE
C:\Users\dahli\OneDrive\Documents\ACRPatchesGrid\OPC_7.4_patch25.png,TRUE,FALSE,TRUE
C:\Users\dahli\OneDrive\Documents\ACRPatchesGrid\OPC_7.4_patch26.png,TRUE,FALSE,TRUE
C:\Users\dahli\OneDrive\Documents\ACRPatchesGrid\OPC_7.4_patch27.png,TRUE,FALSE,TRUE
C:\Users\dahli\OneDrive\Documents\ACRPatchesGrid\OPC_7.4_patch28.png,TRUE,FALSE,TRUE
C:\Users\dahli\OneDrive\Documents\ACRPatchesGrid\OPC_7.4_patch29.png,TRUE,FALSE,TRUE
C:\Users\dahli\OneDrive\Documents\ACRPatchesGrid\OPC_7.4_patch30.png,TRUE,FALSE,TRUE
C:\Users\dahli\OneDrive\Documents\ACRPatchesGrid\OPC_7.4_patch31.png,TRUE,FALSE,TRUE
C:\Users\dahli\OneDrive\Documents\ACRPatchesGrid\OPC_7.4_patch32.png,TRUE,FALSE,TRUE
C:\Users\dahli\OneDrive\Documents\ACRPatchesGrid\OPC_7.4_patch33.png,TRUE,FALSE,TRUE
C:\Users\dahli\OneDrive\Documents\ACRPatchesGrid\OPC_7.4_patch34.png,TRUE,FALSE,TRUE
C:\Users\dahli\OneDrive\Documents\ACRPatchesGrid\OPC_7.4_patch35.png,TRUE,FALSE,TRUE
C:\Users\dahli\OneDrive\Documents\ACRPatchesGrid\OPC_7.4_patch36.png,TRUE,FALSE,TRUE
C:\Users\dahli\OneDrive\Documents\ACRPatchesGrid\OPC_7.4_patch37.png,TRUE,FALSE,TRUE
C:\Users\dahli\OneDrive\Documents\ACRPatchesGrid\OPC_7.4_patch38.png,TRUE,FALSE,TRUE
C:\Users\dahli\OneDrive\Documents\ACRPatchesGrid\OPC_7.4_patch39.png,TRUE,FALSE,TRUE
C:\Users\dahli\OneDrive\Documents\ACRPatchesGrid\OPC_7.4_patch40.png,TRUE,FALSE,TRUE
C:\Users\dahli\OneDrive\Documents\ACRPatchesGrid\OPC_7.4_patch41.png,TRUE,FALSE,TRUE
C:\Users\dahli\OneDrive\Documents\ACRPatchesGrid\OPC_7.4_patch42.png,TRUE,FALSE,TRUE
C:\Users\dahli\OneDrive\Documents\ACRPatchesGrid\OPC_7.4_patch43.png,TRUE,FALSE,TRUE
C:\Users\dahli\OneDrive\Documents\ACRPatchesGrid\OPC_7.4_patch44.png,TRUE,FALSE,TRUE
C:\Users\dahli\OneDrive\Documents\ACRPatchesGrid\OPC_7.4_patch45.png,TRUE,FALSE,TRUE
C:\Users\dahli\OneDrive\Documents\ACRPatchesGrid\OPC_7.4_patch46.png,TRUE,FALSE,TRUE
C:\Users\dahli\OneDrive\Documents\ACRPatchesGrid\OPC_7.4_patch47.png,TRUE,FALSE,TRUE
C:\Users\dahli\OneDrive\Documents\ACRPatchesGrid\OPC_7.4_patch48.png,TRUE,FALSE,TRUE
C:\Users\dahli\OneDrive\Documents\ACRPatchesGrid\OPC_7.4_patch49.png,TRUE,FALSE,TRUE
C:\Users\dahli\OneDrive\Documents\ACRPatchesGrid\OPC_7.4_patch50.png,TRUE,FALSE,TRUE
C:\Users\dahli\OneDrive\Documents\ACRPatchesGrid\OPC_7.4_patch51.png,TRUE,FALSE,TRUE
C:\Users\dahli\OneDrive\Documents\ACRPatchesGrid\OPC_7.4_patch52.png,TRUE,FALSE,TRUE
C:\Users\dahli\OneDrive\Documents\ACRPatchesGrid\OPC_7.4_patch53.png,TRUE,FALSE,TRUE
C:\Users\dahli\OneDrive\Documents\ACRPatchesGrid\OPC_7.4_patch54.png,TRUE,FALSE,TRUE
C:\Users\dahli\OneDrive\Documents\ACRPatchesGrid\OPC_7.4_patch55.png,TRUE,FALSE,TRUE
C:\Users\dahli\OneDrive\Documents\ACRPatchesGrid\OPC_7.4_patch56.png,TRUE,FALSE,TRUE
C:\Users\dahli\OneDrive\Documents\ACRPatchesGrid\OPC_7.4_patch57.png,TRUE,FALSE,TRUE
C:\Users\dahli\OneDrive\Documents\ACRPatchesGrid\OPC_7.4_patch58.png,TRUE,FALSE,TRUE
C:\Users\dahli\OneDrive\Documents\ACRPatchesGrid\OPC_7.4_patch59.png,TRUE,FALSE,TRUE
C:\Users\dahli\OneDrive\Documents\ACRPatchesGrid\OPC_7.4_patch60.png,TRUE,FALSE,TRUE
C:\Users\dahli\OneDrive\Documents\ACRPatchesGrid\OPC_7.4_patch61.png,TRUE,FALSE,TRUE
C:\Users\dahli\OneDrive\Documents\ACRPatchesGrid\OPC_7.4_patch62.png,TRUE,FALSE,TRUE
C:\Users\dahli\OneDrive\Documents\ACRPatchesGrid\OPC_7.4_patch63.png,TRUE,FALSE,TRUE
C:\Users\dahli\OneDrive\Documents\ACRPatchesGrid\OPC_7.4_patch64.png,TRUE,FALSE,TRUE
C:\Users\dahli\OneDrive\Documents\ACRPatchesGrid\OPC_7.4_patch65.png,TRUE,FALSE,TRUE
C:\Users\dahli\OneDrive\Documents\ACRPatchesGrid\OPC_7.4_patch66.png,TRUE,FALSE,TRUE
C:\Users\dahli\OneDrive\Documents\ACRPatchesGrid\OPC_7.4_patch67.png,TRUE,FALSE,TRUE
C:\Users\dahli\OneDrive\Documents\ACRPatchesGrid\OPC_7.4_patch68.png,TRUE,FALSE,TRUE
C:\Users\dahli\OneDrive\Documents\ACRPatchesGrid\OPC_7.4_patch69.png,TRUE,FALSE,TRUE
C:\Users\dahli\OneDrive\Documents\ACRPatchesGrid\OPC_7.4_patch70.png,TRUE,FALSE,TRUE
C:\Users\dahli\OneDrive\Documents\ACRPatchesGrid\OPC_7.4_patch71.png,TRUE,FALSE,TRUE
C:\Users\dahli\OneDrive\Documents\ACRPatchesGrid\OPC_7.4_patch72.png,TRUE,FALSE,TRUE
C:\Users\dahli\OneDrive\Documents\ACRPatchesGrid\OPC_7.4_patch73.png,TRUE,FALSE,TRUE
C:\Users\dahli\OneDrive\Documents\ACRPatchesGrid\OPC_7.4_patch74.png,TRUE,FALSE,TRUE
C:\Users\dahli\OneDrive\Documents\ACRPatchesGrid\OPC_7.4_patch75.png,TRUE,FALSE,TRUE
C:\Users\dahli\OneDrive\Documents\ACRPatchesGrid\OPC_7.4_patch76.png,TRUE,FALSE,TRUE
C:\Users\dahli\OneDrive\Documents\ACRPatchesGrid\OPC_7.4_patch77.png,TRUE,FALSE,TRUE
C:\Users\dahli\OneDrive\Documents\ACRPatchesGrid\OPC_7.4_patch78.png,TRUE,FALSE,TRUE
C:\Users\dahli\OneDrive\Documents\ACRPatchesGrid\OPC_7.4_patch79.png,TRUE,FALSE,TRUE
C:\Users\dahli\OneDrive\Documents\ACRPatchesGrid\OPC_7.4_patch80.png,TRUE,FALSE,TRUE
C:\Users\dahli\OneDrive\Documents\ACRPatchesGrid\OPC_7.4_patch81.png,TRUE,FALSE,TRUE
C:\Users\dahli\OneDrive\Documents\ACRPatchesGrid\OPC_7.4_patch82.png,TRUE,FALSE,TRUE
C:\Users\dahli\OneDrive\Documents\ACRPatchesGrid\OPC_7.4_patch83.png,TRUE,FALSE,TRUE
C:\Users\dahli\OneDrive\Documents\ACRPatchesGrid\OPC_7.4_patch84.png,TRUE,FALSE,TRUE
C:\Users\dahli\OneDrive\Documents\ACRPatchesGrid\OPC_7.4_patch85.png,TRUE,FALSE,TRUE
C:\Users\dahli\OneDrive\Documents\ACRPatchesGrid\OPC_7.4_patch86.png,TRUE,FALSE,TRUE
C:\Users\dahli\OneDrive\Documents\ACRPatchesGrid\OPC_7.4_patch87.png,TRUE,FALSE,TRUE
C:\Users\dahli\OneDrive\Documents\ACRPatchesGrid\OPC_7.4_patch88.png,TRUE,FALSE,TRUE
C:\Users\dahli\OneDrive\Documents\ACRPatchesGrid\OPC_7.4_patch89.png,TRUE,FALSE,TRUE
C:\Users\dahli\OneDrive\Documents\ACRPatchesGrid\OPC_7.4_patch90.png,TRUE,FALSE,TRUE
C:\Users\dahli\OneDrive\Documents\ACRPatchesGrid\OPC_7.4_patch91.png,TRUE,FALSE,TRUE
C:\Users\dahli\OneDrive\Documents\ACRPatchesGrid\OPC_7.4_patch92.png,TRUE,FALSE,TRUE
C:\Users\dahli\OneDrive\Documents\ACRPatchesGrid\OPC_7.4_patch93.png,TRUE,FALSE,TRUE
C:\Users\dahli\OneDrive\Documents\ACRPatchesGrid\OPC_7.4_patch94.png,TRUE,FALSE,TRUE
C:\Users\dahli\OneDrive\Documents\ACRPatchesGrid\OPC_7.4_patch95.png,FALSE,FALSE,TRUE
C:\Users\dahli\OneDrive\Documents\ACRPatchesGrid\OPC_7.4_patch96.png,TRUE,FALSE,TRUE
C:\Users\dahli\OneDrive\Documents\ACRPatchesGrid\OPC_7.4_patch97.png,TRUE,FALSE,TRUE
C:\Users\dahli\OneDrive\Documents\ACRPatchesGrid\OPC_7.4_patch98.png,TRUE,FALSE,TRUE
C:\Users\dahli\OneDrive\Documents\ACRPatchesGrid\OPC_7.4_patch99.png,TRUE,FALSE,TRUE
C:\Users\dahli\OneDrive\Documents\ACRPatchesGrid\OPC_7.4_patch100.png,TRUE,FALSE,TRUE
C:\Users\dahli\OneDrive\Documents\ACRPatchesGrid\OPC_7.4_patch101.png,TRUE,FALSE,TRUE
C:\Users\dahli\OneDrive\Documents\ACRPatchesGrid\OPC_7.4_patch102.png,TRUE,FALSE,TRUE
C:\Users\dahli\OneDrive\Documents\ACRPatchesGrid\OPC_7.4_patch103.png,TRUE,FALSE,TRUE
C:\Users\dahli\OneDrive\Documents\ACRPatchesGrid\OPC_7.4_patch104.png,TRUE,FALSE,TRUE
C:\Users\dahli\OneDrive\Documents\ACRPatchesGrid\OPC_7.4_patch105.png,TRUE,FALSE,TRUE
C:\Users\dahli\OneDrive\Documents\ACRPatchesGrid\OPC_7.4_patch106.png,TRUE,FALSE,TRUE
C:\Users\dahli\OneDrive\Documents\ACRPatchesGrid\OPC_7.4_patch107.png,TRUE,FALSE,TRUE
C:\Users\dahli\OneDrive\Documents\ACRPatchesGrid\OPC_7.4_patch108.png,TRUE,FALSE,TRUE
C:\Users\dahli\OneDrive\Documents\ACRPatchesGrid\OPC_7.4_patch109.png,TRUE,FALSE,TRUE
C:\Users\dahli\OneDrive\Documents\ACRPatchesGrid\OPC_7.4_patch110.png,TRUE,FALSE,TRUE
C:\Users\dahli\OneDrive\Documents\ACRPatchesGrid\OPC_7.4_patch111.png,TRUE,FALSE,TRUE
C:\Users\dahli\OneDrive\Documents\ACRPatchesGrid\OPC_7.4_patch112.png,FALSE,FALSE,TRUE
C:\Users\dahli\OneDrive\Documents\ACRPatchesGrid\OPC_7.4_patch113.png,TRUE,FALSE,TRUE
C:\Users\dahli\OneDrive\Documents\ACRPatchesGrid\OPC_7.4_patch114.png,TRUE,FALSE,TRUE
C:\Users\dahli\OneDrive\Documents\ACRPatchesGrid\OPC_7.4_patch115.png,TRUE,FALSE,TRUE
C:\Users\dahli\OneDrive\Documents\ACRPatchesGrid\OPC_7.4_patch116.png,TRUE,FALSE,TRUE
C:\Users\dahli\OneDrive\Documents\ACRPatchesGrid\OPC_7.4_patch117.png,TRUE,FALSE,TRUE
C:\Users\dahli\OneDrive\Documents\ACRPatchesGrid\OPC_7.4_patch118.png,TRUE,FALSE,TRUE
C:\Users\dahli\OneDrive\Documents\ACRPatchesGrid\OPC_7.4_patch119.png,TRUE,FALSE,TRUE
C:\Users\dahli\OneDrive\Documents\ACRPatchesGrid\OPC_7.4_patch120.png,TRUE,FALSE,TRUE
C:\Users\dahli\OneDrive\Documents\ACRPatchesGrid\OPC_7.4_patch121.png,TRUE,FALSE,TRUE
C:\Users\dahli\OneDrive\Documents\ACRPatchesGrid\OPC_7.4_patch122.png,TRUE,FALSE,TRUE
C:\Users\dahli\OneDrive\Documents\ACRPatchesGrid\OPC_7.4_patch123.png,TRUE,FALSE,TRUE
C:\Users\dahli\OneDrive\Documents\ACRPatchesGrid\OPC_7.4_patch124.png,TRUE,FALSE,TRUE
C:\Users\dahli\OneDrive\Documents\ACRPatchesGrid\OPC_7.4_patch125.png,TRUE,FALSE,TRUE
C:\Users\dahli\OneDrive\Documents\ACRPatchesGrid\OPC_7.4_patch126.png,TRUE,FALSE,TRUE
C:\Users\dahli\OneDrive\Documents\ACRPatchesGrid\OPC_7.4_patch127.png,TRUE,FALSE,TRUE
C:\Users\dahli\OneDrive\Documents\ACRPatchesGrid\OPC_7.4_patch128.png,TRUE,FALSE,TRUE
C:\Users\dahli\OneDrive\Documents\ACRPatchesGrid\OPC_7.4_patch129.png,TRUE,FALSE,TRUE
C:\Users\dahli\OneDrive\Documents\ACRPatchesGrid\OPC_7.4_patch130.png,TRUE,FALSE,TRUE
C:\Users\dahli\OneDrive\Documents\ACRPatchesGrid\OPC_7.4_patch131.png,TRUE,FALSE,TRUE
C:\Users\dahli\OneDrive\Documents\ACRPatchesGrid\OPC_7.4_patch132.png,TRUE,FALSE,TRUE
C:\Users\dahli\OneDrive\Documents\ACRPatchesGrid\OPC_7.4_patch133.png,TRUE,FALSE,TRUE
C:\Users\dahli\OneDrive\Documents\ACRPatchesGrid\OPC_7.4_patch134.png,TRUE,FALSE,TRUE
C:\Users\dahli\OneDrive\Documents\ACRPatchesGrid\OPC_7.4_patch135.png,TRUE,FALSE,TRUE
C:\Users\dahli\OneDrive\Documents\ACRPatchesGrid\OPC_7.4_patch136.png,TRUE,FALSE,TRUE
C:\Users\dahli\OneDrive\Documents\ACRPatchesGrid\OPC_7.4_patch137.png,TRUE,FALSE,TRUE
C:\Users\dahli\OneDrive\Documents\ACRPatchesGrid\OPC_7.4_patch138.png,TRUE,FALSE,TRUE
C:\Users\dahli\OneDrive\Documents\ACRPatchesGrid\OPC_7.4_patch139.png,TRUE,FALSE,TRUE
C:\Users\dahli\OneDrive\Documents\ACRPatchesGrid\OPC_7.4_patch140.png,TRUE,FALSE,TRUE
C:\Users\dahli\OneDrive\Documents\ACRPatchesGrid\OPC_7.4_patch141.png,TRUE,FALSE,TRUE
C:\Users\dahli\OneDrive\Documents\ACRPatchesGrid\OPC_7.4_patch142.png,TRUE,FALSE,TRUE
C:\Users\dahli\OneDrive\Documents\ACRPatchesGrid\OPC_7.4_patch143.png,TRUE,FALSE,TRUE
C:\Users\dahli\OneDrive\Documents\ACRPatchesGrid\OPC_7.4_patch144.png,TRUE,FALSE,TRUE
C:\Users\dahli\OneDrive\Documents\ACRPatchesGrid\OPC_7.4_patch145.png,TRUE,FALSE,TRUE
C:\Users\dahli\OneDrive\Documents\ACRPatchesGrid\OPC_7.4_patch146.png,TRUE,FALSE,TRUE
C:\Users\dahli\OneDrive\Documents\ACRPatchesGrid\OPC_7.4_patch147.png,TRUE,FALSE,TRUE
C:\Users\dahli\OneDrive\Documents\ACRPatchesGrid\OPC_7.4_patch148.png,TRUE,FALSE,TRUE
C:\Users\dahli\OneDrive\Documents\ACRPatchesGrid\OPC_7.4_patch149.png,TRUE,FALSE,TRUE
C:\Users\dahli\OneDrive\Documents\ACRPatchesGrid\OPC_7.4_patch150.png,TRUE,FALSE,TRUE
C:\Users\dahli\OneDrive\Documents\ACRPatchesGrid\OPC_7.4_patch151.png,TRUE,FALSE,TRUE
C:\Users\dahli\OneDrive\Documents\ACRPatchesGrid\OPC_7.4_patch152.png,TRUE,FALSE,TRUE
C:\Users\dahli\OneDrive\Documents\ACRPatchesGrid\OPC_7.4_patch153.png,TRUE,FALSE,TRUE
C:\Users\dahli\OneDrive\Documents\ACRPatchesGrid\OPC_45.6_patch1.png,FALSE,FALSE,TRUE
C:\Users\dahli\OneDrive\Documents\ACRPatchesGrid\OPC_45.6_patch2.png,TRUE,FALSE,TRUE
C:\Users\dahli\OneDrive\Documents\ACRPatchesGrid\OPC_45.6_patch3.png,TRUE,FALSE,TRUE
C:\Users\dahli\OneDrive\Documents\ACRPatchesGrid\OPC_45.6_patch4.png,TRUE,FALSE,TRUE
C:\Users\dahli\OneDrive\Documents\ACRPatchesGrid\OPC_45.6_patch5.png,TRUE,FALSE,TRUE
C:\Users\dahli\OneDrive\Documents\ACRPatchesGrid\OPC_45.6_patch6.png,TRUE,FALSE,TRUE
C:\Users\dahli\OneDrive\Documents\ACRPatchesGrid\OPC_45.6_patch7.png,FALSE,FALSE,TRUE
C:\Users\dahli\OneDrive\Documents\ACRPatchesGrid\OPC_45.6_patch8.png,FALSE,FALSE,TRUE
C:\Users\dahli\OneDrive\Documents\ACRPatchesGrid\OPC_45.6_patch9.png,FALSE,FALSE,TRUE
C:\Users\dahli\OneDrive\Documents\ACRPatchesGrid\OPC_45.6_patch10.png,FALSE,FALSE,TRUE
C:\Users\dahli\OneDrive\Documents\ACRPatchesGrid\OPC_45.6_patch11.png,FALSE,FALSE,TRUE
C:\Users\dahli\OneDrive\Documents\ACRPatchesGrid\OPC_45.6_patch12.png,FALSE,FALSE,TRUE
C:\Users\dahli\OneDrive\Documents\ACRPatchesGrid\OPC_45.6_patch13.png,TRUE,FALSE,TRUE
C:\Users\dahli\OneDrive\Documents\ACRPatchesGrid\OPC_45.6_patch14.png,TRUE,FALSE,TRUE
C:\Users\dahli\OneDrive\Documents\ACRPatchesGrid\OPC_45.6_patch15.png,TRUE,FALSE,TRUE
C:\Users\dahli\OneDrive\Documents\ACRPatchesGrid\OPC_45.6_patch16.png,FALSE,FALSE,TRUE
C:\Users\dahli\OneDrive\Documents\ACRPatchesGrid\OPC_45.6_patch17.png,TRUE,FALSE,TRUE
C:\Users\dahli\OneDrive\Documents\ACRPatchesGrid\OPC_45.6_patch18.png,TRUE,FALSE,TRUE
C:\Users\dahli\OneDrive\Documents\ACRPatchesGrid\OPC_45.6_patch19.png,TRUE,FALSE,TRUE
C:\Users\dahli\OneDrive\Documents\ACRPatchesGrid\OPC_45.6_patch20.png,TRUE,FALSE,TRUE
C:\Users\dahli\OneDrive\Documents\ACRPatchesGrid\OPC_45.6_patch21.png,FALSE,FALSE,TRUE
C:\Users\dahli\OneDrive\Documents\ACRPatchesGrid\OPC_45.6_patch22.png,FALSE,FALSE,TRUE
C:\Users\dahli\OneDrive\Documents\ACRPatchesGrid\OPC_45.6_patch23.png,FALSE,FALSE,TRUE
C:\Users\dahli\OneDrive\Documents\ACRPatchesGrid\OPC_45.6_patch24.png,FALSE,FALSE,TRUE
C:\Users\dahli\OneDrive\Documents\ACRPatchesGrid\OPC_45.6_patch25.png,TRUE,FALSE,TRUE
C:\Users\dahli\OneDrive\Documents\ACRPatchesGrid\OPC_45.6_patch26.png,TRUE,FALSE,TRUE
C:\Users\dahli\OneDrive\Documents\ACRPatchesGrid\OPC_45.6_patch27.png,TRUE,FALSE,TRUE
C:\Users\dahli\OneDrive\Documents\ACRPatchesGrid\OPC_45.6_patch28.png,TRUE,FALSE,TRUE
C:\Users\dahli\OneDrive\Documents\ACRPatchesGrid\OPC_45.6_patch29.png,TRUE,FALSE,TRUE
C:\Users\dahli\OneDrive\Documents\ACRPatchesGrid\OPC_45.6_patch30.png,TRUE,FALSE,TRUE
C:\Users\dahli\OneDrive\Documents\ACRPatchesGrid\OPC_45.6_patch31.png,TRUE,FALSE,TRUE
C:\Users\dahli\OneDrive\Documents\ACRPatchesGrid\OPC_45.6_patch32.png,TRUE,FALSE,TRUE
C:\Users\dahli\OneDrive\Documents\ACRPatchesGrid\OPC_45.6_patch33.png,TRUE,FALSE,TRUE
C:\Users\dahli\OneDrive\Documents\ACRPatchesGrid\OPC_45.6_patch34.png,TRUE,FALSE,TRUE
C:\Users\dahli\OneDrive\Documents\ACRPatchesGrid\OPC_45.6_patch35.png,TRUE,FALSE,TRUE
C:\Users\dahli\OneDrive\Documents\ACRPatchesGrid\OPC_45.6_patch36.png,TRUE,FALSE,TRUE
C:\Users\dahli\OneDrive\Documents\ACRPatchesGrid\OPC_45.6_patch37.png,TRUE,FALSE,TRUE
C:\Users\dahli\OneDrive\Documents\ACRPatchesGrid\OPC_45.6_patch38.png,TRUE,FALSE,TRUE
C:\Users\dahli\OneDrive\Documents\ACRPatchesGrid\OPC_45.6_patch39.png,TRUE,FALSE,TRUE
C:\Users\dahli\OneDrive\Documents\ACRPatchesGrid\OPC_45.6_patch40.png,TRUE,FALSE,TRUE
C:\Users\dahli\OneDrive\Documents\ACRPatchesGrid\OPC_45.6_patch41.png,TRUE,FALSE,TRUE
C:\Users\dahli\OneDrive\Documents\ACRPatchesGrid\OPC_45.6_patch42.png,TRUE,FALSE,TRUE
C:\Users\dahli\OneDrive\Documents\ACRPatchesGrid\OPC_45.6_patch43.png,TRUE,FALSE,TRUE
C:\Users\dahli\OneDrive\Documents\ACRPatchesGrid\OPC_45.6_patch44.png,TRUE,FALSE,TRUE
C:\Users\dahli\OneDrive\Documents\ACRPatchesGrid\OPC_45.6_patch45.png,TRUE,FALSE,TRUE
C:\Users\dahli\OneDrive\Documents\ACRPatchesGrid\OPC_45.6_patch46.png,TRUE,FALSE,TRUE
C:\Users\dahli\OneDrive\Documents\ACRPatchesGrid\OPC_45.6_patch47.png,TRUE,FALSE,TRUE
C:\Users\dahli\OneDrive\Documents\ACRPatchesGrid\OPC_45.6_patch48.png,TRUE,FALSE,TRUE
C:\Users\dahli\OneDrive\Documents\ACRPatchesGrid\OPC_45.6_patch49.png,FALSE,FALSE,TRUE
C:\Users\dahli\OneDrive\Documents\ACRPatchesGrid\OPC_45.6_patch50.png,TRUE,FALSE,TRUE
C:\Users\dahli\OneDrive\Documents\ACRPatchesGrid\OPC_45.6_patch51.png,TRUE,FALSE,TRUE
C:\Users\dahli\OneDrive\Documents\ACRPatchesGrid\OPC_45.6_patch52.png,FALSE,FALSE,TRUE
C:\Users\dahli\OneDrive\Documents\ACRPatchesGrid\OPC_45.6_patch53.png,TRUE,FALSE,TRUE
C:\Users\dahli\OneDrive\Documents\ACRPatchesGrid\OPC_45.6_patch54.png,TRUE,FALSE,TRUE
C:\Users\dahli\OneDrive\Documents\ACRPatchesGrid\OPC_45.6_patch55.png,TRUE,FALSE,TRUE
C:\Users\dahli\OneDrive\Documents\ACRPatchesGrid\OPC_45.6_patch56.png,TRUE,FALSE,TRUE
C:\Users\dahli\OneDrive\Documents\ACRPatchesGrid\OPC_45.6_patch57.png,TRUE,FALSE,TRUE
C:\Users\dahli\OneDrive\Documents\ACRPatchesGrid\OPC_45.6_patch58.png,TRUE,FALSE,TRUE
C:\Users\dahli\OneDrive\Documents\ACRPatchesGrid\OPC_45.6_patch59.png,TRUE,FALSE,TRUE
C:\Users\dahli\OneDrive\Documents\ACRPatchesGrid\OPC_45.6_patch60.png,TRUE,FALSE,TRUE
C:\Users\dahli\OneDrive\Documents\ACRPatchesGrid\OPC_45.6_patch61.png,FALSE,FALSE,TRUE
C:\Users\dahli\OneDrive\Documents\ACRPatchesGrid\OPC_45.6_patch62.png,TRUE,FALSE,TRUE
C:\Users\dahli\OneDrive\Documents\ACRPatchesGrid\OPC_45.6_patch63.png,TRUE,FALSE,TRUE
C:\Users\dahli\OneDrive\Documents\ACRPatchesGrid\OPC_45.6_patch64.png,TRUE,FALSE,TRUE
C:\Users\dahli\OneDrive\Documents\ACRPatchesGrid\OPC_45.6_patch65.png,TRUE,FALSE,TRUE
C:\Users\dahli\OneDrive\Documents\ACRPatchesGrid\OPC_45.6_patch66.png,TRUE,FALSE,TRUE
C:\Users\dahli\OneDrive\Documents\ACRPatchesGrid\OPC_45.6_patch67.png,TRUE,FALSE,TRUE
C:\Users\dahli\OneDrive\Documents\ACRPatchesGrid\OPC_45.6_patch68.png,TRUE,FALSE,TRUE
C:\Users\dahli\OneDrive\Documents\ACRPatchesGrid\OPC_45.6_patch69.png,TRUE,FALSE,TRUE
C:\Users\dahli\OneDrive\Documents\ACRPatchesGrid\OPC_45.6_patch70.png,TRUE,FALSE,TRUE
C:\Users\dahli\OneDrive\Documents\ACRPatchesGrid\OPC_45.6_patch71.png,TRUE,FALSE,TRUE
C:\Users\dahli\OneDrive\Documents\ACRPatchesGrid\OPC_45.6_patch72.png,TRUE,FALSE,TRUE
C:\Users\dahli\OneDrive\Documents\ACRPatchesGrid\OPC_45.6_patch73.png,FALSE,FALSE,TRUE
C:\Users\dahli\OneDrive\Documents\ACRPatchesGrid\OPC_45.6_patch74.png,TRUE,FALSE,TRUE
C:\Users\dahli\OneDrive\Documents\ACRPatchesGrid\OPC_45.6_patch75.png,TRUE,FALSE,TRUE
C:\Users\dahli\OneDrive\Documents\ACRPatchesGrid\OPC_45.6_patch76.png,TRUE,FALSE,TRUE
C:\Users\dahli\OneDrive\Documents\ACRPatchesGrid\OPC_45.6_patch77.png,TRUE,FALSE,TRUE
C:\Users\dahli\OneDrive\Documents\ACRPatchesGrid\OPC_45.6_patch78.png,TRUE,FALSE,TRUE
C:\Users\dahli\OneDrive\Documents\ACRPatchesGrid\OPC_45.6_patch79.png,TRUE,FALSE,TRUE
C:\Users\dahli\OneDrive\Documents\ACRPatchesGrid\OPC_45.6_patch80.png,TRUE,FALSE,TRUE
C:\Users\dahli\OneDrive\Documents\ACRPatchesGrid\OPC_45.6_patch81.png,TRUE,FALSE,TRUE
C:\Users\dahli\OneDrive\Documents\ACRPatchesGrid\OPC_45.6_patch82.png,TRUE,FALSE,TRUE
C:\Users\dahli\OneDrive\Documents\ACRPatchesGrid\OPC_45.6_patch83.png,TRUE,FALSE,TRUE
C:\Users\dahli\OneDrive\Documents\ACRPatchesGrid\OPC_45.6_patch84.png,TRUE,FALSE,TRUE
C:\Users\dahli\OneDrive\Documents\ACRPatchesGrid\OPC_45.6_patch85.png,FALSE,FALSE,TRUE
C:\Users\dahli\OneDrive\Documents\ACRPatchesGrid\OPC_45.6_patch86.png,TRUE,FALSE,TRUE
C:\Users\dahli\OneDrive\Documents\ACRPatchesGrid\OPC_45.6_patch87.png,TRUE,FALSE,TRUE
C:\Users\dahli\OneDrive\Documents\ACRPatchesGrid\OPC_45.6_patch88.png,FALSE,FALSE,TRUE
C:\Users\dahli\OneDrive\Documents\ACRPatchesGrid\OPC_45.6_patch89.png,FALSE,FALSE,TRUE
C:\Users\dahli\OneDrive\Documents\ACRPatchesGrid\OPC_45.6_patch90.png,TRUE,FALSE,TRUE
C:\Users\dahli\OneDrive\Documents\ACRPatchesGrid\OPC_45.6_patch91.png,TRUE,FALSE,TRUE
C:\Users\dahli\OneDrive\Documents\ACRPatchesGrid\OPC_45.6_patch92.png,TRUE,FALSE,TRUE
C:\Users\dahli\OneDrive\Documents\ACRPatchesGrid\OPC_45.6_patch93.png,TRUE,FALSE,TRUE
C:\Users\dahli\OneDrive\Documents\ACRPatchesGrid\OPC_45.6_patch94.png,TRUE,FALSE,TRUE
C:\Users\dahli\OneDrive\Documents\ACRPatchesGrid\OPC_45.6_patch95.png,TRUE,FALSE,TRUE
C:\Users\dahli\OneDrive\Documents\ACRPatchesGrid\OPC_45.6_patch96.png,TRUE,FALSE,TRUE
C:\Users\dahli\OneDrive\Documents\ACRPatchesGrid\OPC_45.6_patch97.png,FALSE,FALSE,TRUE
C:\Users\dahli\OneDrive\Documents\ACRPatchesGrid\OPC_45.6_patch98.png,FALSE,FALSE,TRUE
C:\Users\dahli\OneDrive\Documents\ACRPatchesGrid\OPC_45.6_patch99.png,FALSE,FALSE,TRUE
C:\Users\dahli\OneDrive\Documents\ACRPatchesGrid\OPC_45.6_patch100.png,FALSE,FALSE,TRUE
C:\Users\dahli\OneDrive\Documents\ACRPatchesGrid\OPC_45.6_patch101.png,FALSE,FALSE,TRUE
C:\Users\dahli\OneDrive\Documents\ACRPatchesGrid\OPC_45.6_patch102.png,FALSE,FALSE,TRUE
C:\Users\dahli\OneDrive\Documents\ACRPatchesGrid\OPC_45.6_patch103.png,TRUE,FALSE,TRUE
C:\Users\dahli\OneDrive\Documents\ACRPatchesGrid\OPC_45.6_patch104.png,TRUE,FALSE,TRUE
C:\Users\dahli\OneDrive\Documents\ACRPatchesGrid\OPC_45.6_patch105.png,TRUE,FALSE,TRUE
C:\Users\dahli\OneDrive\Documents\ACRPatchesGrid\OPC_45.6_patch106.png,TRUE,FALSE,TRUE
C:\Users\dahli\OneDrive\Documents\ACRPatchesGrid\OPC_45.6_patch107.png,TRUE,FALSE,TRUE
C:\Users\dahli\OneDrive\Documents\ACRPatchesGrid\OPC_45.6_patch108.png,TRUE,FALSE,TRUE
C:\Users\dahli\OneDrive\Documents\ACRPatchesGrid\OPD_26.0_patch1.png,TRUE,FALSE,TRUE
C:\Users\dahli\OneDrive\Documents\ACRPatchesGrid\OPD_26.0_patch2.png,TRUE,FALSE,TRUE
C:\Users\dahli\OneDrive\Documents\ACRPatchesGrid\OPD_26.0_patch3.png,TRUE,FALSE,TRUE
C:\Users\dahli\OneDrive\Documents\ACRPatchesGrid\OPD_26.0_patch4.png,TRUE,FALSE,TRUE
C:\Users\dahli\OneDrive\Documents\ACRPatchesGrid\OPD_26.0_patch5.png,TRUE,FALSE,TRUE
C:\Users\dahli\OneDrive\Documents\ACRPatchesGrid\OPD_26.0_patch6.png,TRUE,FALSE,TRUE
C:\Users\dahli\OneDrive\Documents\ACRPatchesGrid\OPD_26.0_patch7.png,TRUE,FALSE,TRUE
C:\Users\dahli\OneDrive\Documents\ACRPatchesGrid\OPD_26.0_patch8.png,TRUE,FALSE,TRUE
C:\Users\dahli\OneDrive\Documents\ACRPatchesGrid\OPD_26.0_patch9.png,TRUE,FALSE,TRUE
C:\Users\dahli\OneDrive\Documents\ACRPatchesGrid\OPD_26.0_patch10.png,TRUE,FALSE,TRUE
C:\Users\dahli\OneDrive\Documents\ACRPatchesGrid\OPD_26.0_patch11.png,TRUE,FALSE,TRUE
C:\Users\dahli\OneDrive\Documents\ACRPatchesGrid\OPD_26.0_patch12.png,TRUE,FALSE,TRUE
C:\Users\dahli\OneDrive\Documents\ACRPatchesGrid\OPD_26.0_patch13.png,TRUE,FALSE,TRUE
C:\Users\dahli\OneDrive\Documents\ACRPatchesGrid\OPD_26.0_patch14.png,TRUE,FALSE,TRUE
C:\Users\dahli\OneDrive\Documents\ACRPatchesGrid\OPD_26.0_patch15.png,TRUE,FALSE,TRUE
C:\Users\dahli\OneDrive\Documents\ACRPatchesGrid\OPD_26.0_patch16.png,TRUE,FALSE,TRUE
C:\Users\dahli\OneDrive\Documents\ACRPatchesGrid\OPD_26.0_patch17.png,TRUE,FALSE,TRUE
C:\Users\dahli\OneDrive\Documents\ACRPatchesGrid\OPD_26.0_patch18.png,TRUE,FALSE,TRUE
C:\Users\dahli\OneDrive\Documents\ACRPatchesGrid\OPD_26.0_patch19.png,TRUE,FALSE,TRUE
C:\Users\dahli\OneDrive\Documents\ACRPatchesGrid\OPD_26.0_patch20.png,TRUE,FALSE,TRUE
C:\Users\dahli\OneDrive\Documents\ACRPatchesGrid\OPD_26.0_patch21.png,TRUE,FALSE,TRUE
C:\Users\dahli\OneDrive\Documents\ACRPatchesGrid\OPD_26.0_patch22.png,TRUE,FALSE,TRUE
C:\Users\dahli\OneDrive\Documents\ACRPatchesGrid\OPD_26.0_patch23.png,TRUE,FALSE,TRUE
C:\Users\dahli\OneDrive\Documents\ACRPatchesGrid\OPD_26.0_patch24.png,TRUE,FALSE,TRUE
C:\Users\dahli\OneDrive\Documents\ACRPatchesGrid\OPD_26.0_patch25.png,TRUE,FALSE,TRUE
C:\Users\dahli\OneDrive\Documents\ACRPatchesGrid\OPD_26.0_patch26.png,TRUE,FALSE,TRUE
C:\Users\dahli\OneDrive\Documents\ACRPatchesGrid\OPD_26.0_patch27.png,TRUE,FALSE,TRUE
C:\Users\dahli\OneDrive\Documents\ACRPatchesGrid\OPD_26.0_patch28.png,TRUE,FALSE,TRUE
C:\Users\dahli\OneDrive\Documents\ACRPatchesGrid\OPD_26.0_patch29.png,TRUE,FALSE,TRUE
C:\Users\dahli\OneDrive\Documents\ACRPatchesGrid\OPD_26.0_patch30.png,TRUE,FALSE,TRUE
C:\Users\dahli\OneDrive\Documents\ACRPatchesGrid\OPD_26.0_patch31.png,TRUE,FALSE,TRUE
C:\Users\dahli\OneDrive\Documents\ACRPatchesGrid\OPD_26.0_patch32.png,TRUE,FALSE,TRUE
C:\Users\dahli\OneDrive\Documents\ACRPatchesGrid\OPD_26.0_patch33.png,TRUE,FALSE,TRUE
C:\Users\dahli\OneDrive\Documents\ACRPatchesGrid\OPD_26.0_patch34.png,TRUE,FALSE,TRUE
C:\Users\dahli\OneDrive\Documents\ACRPatchesGrid\OPD_26.0_patch35.png,TRUE,FALSE,TRUE
C:\Users\dahli\OneDrive\Documents\ACRPatchesGrid\OPD_26.0_patch36.png,TRUE,FALSE,TRUE
C:\Users\dahli\OneDrive\Documents\ACRPatchesGrid\OPD_26.0_patch37.png,TRUE,FALSE,TRUE
C:\Users\dahli\OneDrive\Documents\ACRPatchesGrid\OPD_26.0_patch38.png,TRUE,FALSE,TRUE
C:\Users\dahli\OneDrive\Documents\ACRPatchesGrid\OPD_26.0_patch39.png,TRUE,FALSE,TRUE
C:\Users\dahli\OneDrive\Documents\ACRPatchesGrid\OPD_26.0_patch40.png,TRUE,FALSE,TRUE
C:\Users\dahli\OneDrive\Documents\ACRPatchesGrid\OPD_26.0_patch41.png,TRUE,FALSE,TRUE
C:\Users\dahli\OneDrive\Documents\ACRPatchesGrid\OPD_26.0_patch42.png,TRUE,FALSE,TRUE
C:\Users\dahli\OneDrive\Documents\ACRPatchesGrid\OPD_26.0_patch43.png,TRUE,FALSE,TRUE
C:\Users\dahli\OneDrive\Documents\ACRPatchesGrid\OPD_26.0_patch44.png,TRUE,FALSE,TRUE
C:\Users\dahli\OneDrive\Documents\ACRPatchesGrid\OPD_26.0_patch45.png,TRUE,FALSE,TRUE
C:\Users\dahli\OneDrive\Documents\ACRPatchesGrid\OPD_26.0_patch46.png,TRUE,FALSE,TRUE
C:\Users\dahli\OneDrive\Documents\ACRPatchesGrid\OPD_26.0_patch47.png,TRUE,FALSE,TRUE
C:\Users\dahli\OneDrive\Documents\ACRPatchesGrid\OPD_26.0_patch48.png,TRUE,FALSE,TRUE
C:\Users\dahli\OneDrive\Documents\ACRPatchesGrid\OPD_26.0_patch49.png,TRUE,FALSE,TRUE
C:\Users\dahli\OneDrive\Documents\ACRPatchesGrid\OPD_26.0_patch50.png,TRUE,FALSE,TRUE
C:\Users\dahli\OneDrive\Documents\ACRPatchesGrid\OPD_26.0_patch51.png,TRUE,FALSE,TRUE
C:\Users\dahli\OneDrive\Documents\ACRPatchesGrid\OPD_26.0_patch52.png,TRUE,FALSE,TRUE
C:\Users\dahli\OneDrive\Documents\ACRPatchesGrid\OPD_26.0_patch53.png,TRUE,FALSE,TRUE
C:\Users\dahli\OneDrive\Documents\ACRPatchesGrid\OPD_26.0_patch54.png,TRUE,FALSE,TRUE
C:\Users\dahli\OneDrive\Documents\ACRPatchesGrid\OPD_26.0_patch55.png,TRUE,FALSE,TRUE
C:\Users\dahli\OneDrive\Documents\ACRPatchesGrid\OPD_26.0_patch56.png,TRUE,FALSE,TRUE
C:\Users\dahli\OneDrive\Documents\ACRPatchesGrid\OPD_26.0_patch57.png,TRUE,FALSE,TRUE
C:\Users\dahli\OneDrive\Documents\ACRPatchesGrid\OPD_26.0_patch58.png,TRUE,FALSE,TRUE
C:\Users\dahli\OneDrive\Documents\ACRPatchesGrid\OPD_26.0_patch59.png,TRUE,FALSE,TRUE
C:\Users\dahli\OneDrive\Documents\ACRPatchesGrid\OPD_26.0_patch60.png,TRUE,FALSE,TRUE
C:\Users\dahli\OneDrive\Documents\ACRPatchesGrid\OPD_26.0_patch61.png,TRUE,FALSE,TRUE
C:\Users\dahli\OneDrive\Documents\ACRPatchesGrid\OPD_26.0_patch62.png,TRUE,FALSE,TRUE
C:\Users\dahli\OneDrive\Documents\ACRPatchesGrid\OPD_26.0_patch63.png,TRUE,FALSE,TRUE
C:\Users\dahli\OneDrive\Documents\ACRPatchesGrid\OPD_26.0_patch64.png,TRUE,FALSE,TRUE
C:\Users\dahli\OneDrive\Documents\ACRPatchesGrid\OPD_26.0_patch65.png,TRUE,FALSE,TRUE
C:\Users\dahli\OneDrive\Documents\ACRPatchesGrid\OPD_26.0_patch66.png,TRUE,FALSE,TRUE
C:\Users\dahli\OneDrive\Documents\ACRPatchesGrid\OPD_26.0_patch67.png,TRUE,FALSE,TRUE
C:\Users\dahli\OneDrive\Documents\ACRPatchesGrid\OPD_26.0_patch68.png,TRUE,FALSE,TRUE
C:\Users\dahli\OneDrive\Documents\ACRPatchesGrid\OPD_26.0_patch69.png,TRUE,FALSE,TRUE
C:\Users\dahli\OneDrive\Documents\ACRPatchesGrid\OPD_26.0_patch70.png,TRUE,FALSE,TRUE
C:\Users\dahli\OneDrive\Documents\ACRPatchesGrid\OPD_26.0_patch71.png,TRUE,FALSE,TRUE
C:\Users\dahli\OneDrive\Documents\ACRPatchesGrid\OPD_26.0_patch72.png,TRUE,FALSE,TRUE
C:\Users\dahli\OneDrive\Documents\ACRPatchesGrid\OPD_26.0_patch73.png,TRUE,FALSE,TRUE
C:\Users\dahli\OneDrive\Documents\ACRPatchesGrid\OPD_26.0_patch74.png,TRUE,FALSE,TRUE
C:\Users\dahli\OneDrive\Documents\ACRPatchesGrid\OPD_26.0_patch75.png,TRUE,FALSE,TRUE
C:\Users\dahli\OneDrive\Documents\ACRPatchesGrid\OPD_26.0_patch76.png,TRUE,FALSE,TRUE
C:\Users\dahli\OneDrive\Documents\ACRPatchesGrid\OPD_26.0_patch77.png,TRUE,FALSE,TRUE
C:\Users\dahli\OneDrive\Documents\ACRPatchesGrid\OPD_26.0_patch78.png,TRUE,FALSE,TRUE
C:\Users\dahli\OneDrive\Documents\ACRPatchesGrid\OPD_26.0_patch79.png,TRUE,FALSE,TRUE
C:\Users\dahli\OneDrive\Documents\ACRPatchesGrid\OPD_26.0_patch80.png,TRUE,FALSE,TRUE
C:\Users\dahli\OneDrive\Documents\ACRPatchesGrid\OPD_26.0_patch81.png,TRUE,FALSE,TRUE
C:\Users\dahli\OneDrive\Documents\ACRPatchesGrid\OPD_26.0_patch82.png,TRUE,FALSE,TRUE
C:\Users\dahli\OneDrive\Documents\ACRPatchesGrid\OPD_26.0_patch83.png,TRUE,FALSE,TRUE
C:\Users\dahli\OneDrive\Documents\ACRPatchesGrid\OPD_26.0_patch84.png,TRUE,FALSE,TRUE
C:\Users\dahli\OneDrive\Documents\ACRPatchesGrid\OPD_89.0_patch1.png,TRUE,FALSE,TRUE
C:\Users\dahli\OneDrive\Documents\ACRPatchesGrid\OPD_89.0_patch2.png,TRUE,FALSE,TRUE
C:\Users\dahli\OneDrive\Documents\ACRPatchesGrid\OPD_89.0_patch3.png,TRUE,FALSE,TRUE
C:\Users\dahli\OneDrive\Documents\ACRPatchesGrid\OPD_89.0_patch4.png,TRUE,FALSE,TRUE
C:\Users\dahli\OneDrive\Documents\ACRPatchesGrid\OPD_89.0_patch5.png,TRUE,FALSE,TRUE
C:\Users\dahli\OneDrive\Documents\ACRPatchesGrid\OPD_89.0_patch6.png,TRUE,FALSE,TRUE
C:\Users\dahli\OneDrive\Documents\ACRPatchesGrid\OPD_89.0_patch7.png,TRUE,FALSE,TRUE
C:\Users\dahli\OneDrive\Documents\ACRPatchesGrid\OPD_89.0_patch8.png,TRUE,FALSE,TRUE
C:\Users\dahli\OneDrive\Documents\ACRPatchesGrid\OPD_89.0_patch9.png,TRUE,FALSE,TRUE
C:\Users\dahli\OneDrive\Documents\ACRPatchesGrid\OPD_89.0_patch10.png,TRUE,FALSE,TRUE
C:\Users\dahli\OneDrive\Documents\ACRPatchesGrid\OPD_89.0_patch11.png,TRUE,FALSE,TRUE
C:\Users\dahli\OneDrive\Documents\ACRPatchesGrid\OPD_89.0_patch12.png,TRUE,FALSE,TRUE
C:\Users\dahli\OneDrive\Documents\ACRPatchesGrid\OPD_89.0_patch13.png,TRUE,FALSE,TRUE
C:\Users\dahli\OneDrive\Documents\ACRPatchesGrid\OPD_89.0_patch14.png,TRUE,FALSE,TRUE
C:\Users\dahli\OneDrive\Documents\ACRPatchesGrid\OPD_89.0_patch15.png,FALSE,FALSE,TRUE
C:\Users\dahli\OneDrive\Documents\ACRPatchesGrid\OPD_89.0_patch16.png,TRUE,FALSE,TRUE
C:\Users\dahli\OneDrive\Documents\ACRPatchesGrid\OPD_89.0_patch17.png,TRUE,FALSE,TRUE
C:\Users\dahli\OneDrive\Documents\ACRPatchesGrid\OPD_89.0_patch18.png,TRUE,FALSE,TRUE
C:\Users\dahli\OneDrive\Documents\ACRPatchesGrid\OPD_89.0_patch19.png,TRUE,FALSE,TRUE
C:\Users\dahli\OneDrive\Documents\ACRPatchesGrid\OPD_89.0_patch20.png,TRUE,FALSE,TRUE
C:\Users\dahli\OneDrive\Documents\ACRPatchesGrid\OPD_89.0_patch21.png,TRUE,FALSE,TRUE
C:\Users\dahli\OneDrive\Documents\ACRPatchesGrid\OPD_89.0_patch22.png,TRUE,FALSE,TRUE
C:\Users\dahli\OneDrive\Documents\ACRPatchesGrid\OPD_89.0_patch23.png,TRUE,FALSE,TRUE
C:\Users\dahli\OneDrive\Documents\ACRPatchesGrid\OPD_89.0_patch24.png,TRUE,FALSE,TRUE
C:\Users\dahli\OneDrive\Documents\ACRPatchesGrid\OPD_89.0_patch25.png,TRUE,FALSE,TRUE
C:\Users\dahli\OneDrive\Documents\ACRPatchesGrid\OPD_89.0_patch26.png,TRUE,FALSE,TRUE
C:\Users\dahli\OneDrive\Documents\ACRPatchesGrid\OPD_89.0_patch27.png,TRUE,FALSE,TRUE
C:\Users\dahli\OneDrive\Documents\ACRPatchesGrid\OPD_89.0_patch28.png,TRUE,FALSE,TRUE
C:\Users\dahli\OneDrive\Documents\ACRPatchesGrid\OPD_89.0_patch29.png,TRUE,FALSE,TRUE
C:\Users\dahli\OneDrive\Documents\ACRPatchesGrid\OPD_89.0_patch30.png,TRUE,FALSE,TRUE
C:\Users\dahli\OneDrive\Documents\ACRPatchesGrid\OPD_89.0_patch31.png,TRUE,FALSE,TRUE
C:\Users\dahli\OneDrive\Documents\ACRPatchesGrid\OPD_89.0_patch32.png,TRUE,FALSE,TRUE
C:\Users\dahli\OneDrive\Documents\ACRPatchesGrid\OPD_89.0_patch33.png,TRUE,FALSE,TRUE
C:\Users\dahli\OneDrive\Documents\ACRPatchesGrid\OPD_89.0_patch34.png,TRUE,FALSE,TRUE
C:\Users\dahli\OneDrive\Documents\ACRPatchesGrid\OPD_89.0_patch35.png,TRUE,FALSE,TRUE
C:\Users\dahli\OneDrive\Documents\ACRPatchesGrid\OPD_89.0_patch36.png,TRUE,FALSE,TRUE
C:\Users\dahli\OneDrive\Documents\ACRPatchesGrid\OPD_89.0_patch37.png,TRUE,FALSE,TRUE
C:\Users\dahli\OneDrive\Documents\ACRPatchesGrid\OPD_89.0_patch38.png,TRUE,FALSE,TRUE
C:\Users\dahli\OneDrive\Documents\ACRPatchesGrid\OPD_89.0_patch39.png,TRUE,FALSE,TRUE
C:\Users\dahli\OneDrive\Documents\ACRPatchesGrid\OPD_89.0_patch40.png,TRUE,FALSE,TRUE
C:\Users\dahli\OneDrive\Documents\ACRPatchesGrid\OPD_89.0_patch41.png,TRUE,FALSE,TRUE
C:\Users\dahli\OneDrive\Documents\ACRPatchesGrid\OPD_89.0_patch42.png,TRUE,FALSE,TRUE
C:\Users\dahli\OneDrive\Documents\ACRPatchesGrid\OPD_89.0_patch43.png,TRUE,FALSE,TRUE
C:\Users\dahli\OneDrive\Documents\ACRPatchesGrid\OPD_89.0_patch44.png,TRUE,FALSE,TRUE
C:\Users\dahli\OneDrive\Documents\ACRPatchesGrid\OPD_89.0_patch45.png,TRUE,FALSE,TRUE
C:\Users\dahli\OneDrive\Documents\ACRPatchesGrid\OPD_89.0_patch46.png,TRUE,FALSE,TRUE
C:\Users\dahli\OneDrive\Documents\ACRPatchesGrid\OPD_89.0_patch47.png,TRUE,FALSE,TRUE
C:\Users\dahli\OneDrive\Documents\ACRPatchesGrid\OPD_89.0_patch48.png,TRUE,FALSE,TRUE
C:\Users\dahli\OneDrive\Documents\ACRPatchesGrid\OPD_89.0_patch49.png,TRUE,FALSE,TRUE
C:\Users\dahli\OneDrive\Documents\ACRPatchesGrid\OPD_89.0_patch50.png,TRUE,FALSE,TRUE
C:\Users\dahli\OneDrive\Documents\ACRPatchesGrid\OPD_89.0_patch51.png,TRUE,FALSE,TRUE
C:\Users\dahli\OneDrive\Documents\ACRPatchesGrid\OPD_89.0_patch52.png,TRUE,FALSE,TRUE
C:\Users\dahli\OneDrive\Documents\ACRPatchesGrid\OPD_89.0_patch53.png,TRUE,FALSE,TRUE
C:\Users\dahli\OneDrive\Documents\ACRPatchesGrid\OPD_89.0_patch54.png,TRUE,FALSE,TRUE
C:\Users\dahli\OneDrive\Documents\ACRPatchesGrid\OPD_89.0_patch55.png,TRUE,FALSE,TRUE
C:\Users\dahli\OneDrive\Documents\ACRPatchesGrid\OPD_89.0_patch56.png,TRUE,FALSE,TRUE
C:\Users\dahli\OneDrive\Documents\ACRPatchesGrid\OPD_89.0_patch57.png,TRUE,FALSE,TRUE
C:\Users\dahli\OneDrive\Documents\ACRPatchesGrid\OPD_89.0_patch58.png,TRUE,FALSE,TRUE
C:\Users\dahli\OneDrive\Documents\ACRPatchesGrid\OPD_89.0_patch59.png,TRUE,FALSE,TRUE
C:\Users\dahli\OneDrive\Documents\ACRPatchesGrid\OPD_89.0_patch60.png,TRUE,FALSE,TRUE
C:\Users\dahli\OneDrive\Documents\ACRPatchesGrid\OPD_89.0_patch61.png,TRUE,FALSE,TRUE
C:\Users\dahli\OneDrive\Documents\ACRPatchesGrid\OPD_89.0_patch62.png,TRUE,FALSE,TRUE
C:\Users\dahli\OneDrive\Documents\ACRPatchesGrid\OPD_89.0_patch63.png,TRUE,FALSE,TRUE
C:\Users\dahli\OneDrive\Documents\ACRPatchesGrid\OPD_89.0_patch64.png,TRUE,FALSE,TRUE
C:\Users\dahli\OneDrive\Documents\ACRPatchesGrid\OPD_89.0_patch65.png,TRUE,FALSE,TRUE
C:\Users\dahli\OneDrive\Documents\ACRPatchesGrid\OPD_89.0_patch66.png,TRUE,FALSE,TRUE
C:\Users\dahli\OneDrive\Documents\ACRPatchesGrid\OPD_89.0_patch67.png,TRUE,FALSE,TRUE
C:\Users\dahli\OneDrive\Documents\ACRPatchesGrid\OPD_89.0_patch68.png,TRUE,FALSE,TRUE
C:\Users\dahli\OneDrive\Documents\ACRPatchesGrid\OPD_89.0_patch69.png,TRUE,FALSE,TRUE
C:\Users\dahli\OneDrive\Documents\ACRPatchesGrid\OPD_89.0_patch70.png,TRUE,FALSE,TRUE
C:\Users\dahli\OneDrive\Documents\ACRPatchesGrid\OPD_89.0_patch71.png,TRUE,FALSE,TRUE
C:\Users\dahli\OneDrive\Documents\ACRPatchesGrid\OPD_89.0_patch72.png,TRUE,FALSE,TRUE
C:\Users\dahli\OneDrive\Documents\ACRPatchesGrid\OPD_89.0_patch73.png,TRUE,FALSE,TRUE
C:\Users\dahli\OneDrive\Documents\ACRPatchesGrid\OPD_89.0_patch74.png,TRUE,FALSE,TRUE
C:\Users\dahli\OneDrive\Documents\ACRPatchesGrid\OPD_89.0_patch75.png,TRUE,FALSE,TRUE
C:\Users\dahli\OneDrive\Documents\ACRPatchesGrid\OPD_89.0_patch76.png,TRUE,FALSE,TRUE
C:\Users\dahli\OneDrive\Documents\ACRPatchesGrid\OPD_89.0_patch77.png,TRUE,FALSE,TRUE
C:\Users\dahli\OneDrive\Documents\ACRPatchesGrid\OPD_89.0_patch78.png,TRUE,FALSE,TRUE
C:\Users\dahli\OneDrive\Documents\ACRPatchesGrid\OPD_89.0_patch79.png,TRUE,FALSE,TRUE
C:\Users\dahli\OneDrive\Documents\ACRPatchesGrid\OPD_89.0_patch80.png,TRUE,FALSE,TRUE
C:\Users\dahli\OneDrive\Documents\ACRPatchesGrid\OPD_89.0_patch81.png,TRUE,FALSE,TRUE
C:\Users\dahli\OneDrive\Documents\ACRPatchesGrid\OPD_89.0_patch82.png,TRUE,FALSE,TRUE
C:\Users\dahli\OneDrive\Documents\ACRPatchesGrid\OPD_89.0_patch83.png,TRUE,FALSE,TRUE
C:\Users\dahli\OneDrive\Documents\ACRPatchesGrid\OPD_89.0_patch84.png,TRUE,FALSE,TRUE
C:\Users\dahli\OneDrive\Documents\ACRPatchesGrid\OPD_89.0_patch85.png,TRUE,FALSE,TRUE
C:\Users\dahli\OneDrive\Documents\ACRPatchesGrid\OPD_89.0_patch86.png,TRUE,FALSE,TRUE
C:\Users\dahli\OneDrive\Documents\ACRPatchesGrid\OPD_89.0_patch87.png,TRUE,FALSE,TRUE
C:\Users\dahli\OneDrive\Documents\ACRPatchesGrid\OPD_89.0_patch88.png,TRUE,FALSE,TRUE
C:\Users\dahli\OneDrive\Documents\ACRPatchesGrid\OPD_89.0_patch89.png,TRUE,FALSE,TRUE
C:\Users\dahli\OneDrive\Documents\ACRPatchesGrid\OPD_89.0_patch90.png,TRUE,FALSE,TRUE
C:\Users\dahli\OneDrive\Documents\ACRPatchesGrid\OPD_89.0_patch91.png,TRUE,FALSE,TRUE
C:\Users\dahli\OneDrive\Documents\ACRPatchesGrid\OPD_89.0_patch92.png,TRUE,FALSE,TRUE
C:\Users\dahli\OneDrive\Documents\ACRPatchesGrid\OPD_89.0_patch93.png,TRUE,FALSE,TRUE
C:\Users\dahli\OneDrive\Documents\ACRPatchesGrid\OPD_89.0_patch94.png,TRUE,FALSE,TRUE
C:\Users\dahli\OneDrive\Documents\ACRPatchesGrid\OPD_89.0_patch95.png,TRUE,FALSE,TRUE
C:\Users\dahli\OneDrive\Documents\ACRPatchesGrid\OPD_89.0_patch96.png,TRUE,FALSE,TRUE
C:\Users\dahli\OneDrive\Documents\ACRPatchesGrid\OPD_89.0_patch97.png,TRUE,FALSE,TRUE
C:\Users\dahli\OneDrive\Documents\ACRPatchesGrid\OPD_89.0_patch98.png,TRUE,FALSE,TRUE
C:\Users\dahli\OneDrive\Documents\ACRPatchesGrid\OPE_30.0_patch1.png,FALSE,FALSE,TRUE
C:\Users\dahli\OneDrive\Documents\ACRPatchesGrid\OPE_30.0_patch2.png,FALSE,FALSE,TRUE
C:\Users\dahli\OneDrive\Documents\ACRPatchesGrid\OPE_30.0_patch3.png,FALSE,FALSE,TRUE
C:\Users\dahli\OneDrive\Documents\ACRPatchesGrid\OPE_30.0_patch4.png,FALSE,FALSE,TRUE
C:\Users\dahli\OneDrive\Documents\ACRPatchesGrid\OPE_30.0_patch5.png,TRUE,FALSE,TRUE
C:\Users\dahli\OneDrive\Documents\ACRPatchesGrid\OPE_30.0_patch6.png,FALSE,FALSE,TRUE
C:\Users\dahli\OneDrive\Documents\ACRPatchesGrid\OPE_30.0_patch7.png,TRUE,FALSE,TRUE
C:\Users\dahli\OneDrive\Documents\ACRPatchesGrid\OPE_30.0_patch8.png,TRUE,FALSE,TRUE
C:\Users\dahli\OneDrive\Documents\ACRPatchesGrid\OPE_30.0_patch9.png,TRUE,FALSE,TRUE
C:\Users\dahli\OneDrive\Documents\ACRPatchesGrid\OPE_30.0_patch10.png,TRUE,FALSE,TRUE
C:\Users\dahli\OneDrive\Documents\ACRPatchesGrid\OPE_30.0_patch11.png,TRUE,FALSE,TRUE
C:\Users\dahli\OneDrive\Documents\ACRPatchesGrid\OPE_30.0_patch12.png,TRUE,FALSE,TRUE
C:\Users\dahli\OneDrive\Documents\ACRPatchesGrid\OPE_30.0_patch13.png,FALSE,FALSE,TRUE
C:\Users\dahli\OneDrive\Documents\ACRPatchesGrid\OPE_30.0_patch14.png,FALSE,FALSE,TRUE
C:\Users\dahli\OneDrive\Documents\ACRPatchesGrid\OPE_30.0_patch15.png,FALSE,FALSE,TRUE
C:\Users\dahli\OneDrive\Documents\ACRPatchesGrid\OPE_30.0_patch16.png,FALSE,FALSE,TRUE
C:\Users\dahli\OneDrive\Documents\ACRPatchesGrid\OPE_30.0_patch17.png,TRUE,FALSE,TRUE
C:\Users\dahli\OneDrive\Documents\ACRPatchesGrid\OPE_30.0_patch18.png,TRUE,FALSE,TRUE
C:\Users\dahli\OneDrive\Documents\ACRPatchesGrid\OPE_30.0_patch19.png,TRUE,FALSE,TRUE
C:\Users\dahli\OneDrive\Documents\ACRPatchesGrid\OPE_30.0_patch20.png,TRUE,FALSE,TRUE
C:\Users\dahli\OneDrive\Documents\ACRPatchesGrid\OPE_30.0_patch21.png,TRUE,FALSE,TRUE
C:\Users\dahli\OneDrive\Documents\ACRPatchesGrid\OPE_30.0_patch22.png,TRUE,FALSE,TRUE
C:\Users\dahli\OneDrive\Documents\ACRPatchesGrid\OPE_30.0_patch23.png,TRUE,FALSE,TRUE
C:\Users\dahli\OneDrive\Documents\ACRPatchesGrid\OPE_30.0_patch24.png,TRUE,FALSE,TRUE
C:\Users\dahli\OneDrive\Documents\ACRPatchesGrid\OPE_30.0_patch25.png,TRUE,FALSE,TRUE
C:\Users\dahli\OneDrive\Documents\ACRPatchesGrid\OPE_30.0_patch26.png,TRUE,FALSE,TRUE
C:\Users\dahli\OneDrive\Documents\ACRPatchesGrid\OPE_30.0_patch27.png,FALSE,FALSE,TRUE
C:\Users\dahli\OneDrive\Documents\ACRPatchesGrid\OPE_30.0_patch28.png,TRUE,FALSE,TRUE
C:\Users\dahli\OneDrive\Documents\ACRPatchesGrid\OPE_30.0_patch29.png,FALSE,FALSE,TRUE
C:\Users\dahli\OneDrive\Documents\ACRPatchesGrid\OPE_30.0_patch30.png,TRUE,FALSE,TRUE
C:\Users\dahli\OneDrive\Documents\ACRPatchesGrid\OPE_30.0_patch31.png,TRUE,FALSE,TRUE
C:\Users\dahli\OneDrive\Documents\ACRPatchesGrid\OPE_30.0_patch32.png,TRUE,FALSE,TRUE
C:\Users\dahli\OneDrive\Documents\ACRPatchesGrid\OPE_30.0_patch33.png,TRUE,FALSE,TRUE
C:\Users\dahli\OneDrive\Documents\ACRPatchesGrid\OPE_30.0_patch34.png,TRUE,FALSE,TRUE
C:\Users\dahli\OneDrive\Documents\ACRPatchesGrid\OPE_30.0_patch35.png,TRUE,FALSE,TRUE
C:\Users\dahli\OneDrive\Documents\ACRPatchesGrid\OPE_30.0_patch36.png,TRUE,FALSE,TRUE
C:\Users\dahli\OneDrive\Documents\ACRPatchesGrid\OPE_30.0_patch37.png,TRUE,FALSE,TRUE
C:\Users\dahli\OneDrive\Documents\ACRPatchesGrid\OPE_30.0_patch38.png,TRUE,FALSE,TRUE
C:\Users\dahli\OneDrive\Documents\ACRPatchesGrid\OPE_30.0_patch39.png,TRUE,FALSE,TRUE
C:\Users\dahli\OneDrive\Documents\ACRPatchesGrid\OPE_30.0_patch40.png,TRUE,FALSE,TRUE
C:\Users\dahli\OneDrive\Documents\ACRPatchesGrid\OPE_30.0_patch41.png,TRUE,FALSE,TRUE
C:\Users\dahli\OneDrive\Documents\ACRPatchesGrid\OPE_30.0_patch42.png,TRUE,FALSE,TRUE
C:\Users\dahli\OneDrive\Documents\ACRPatchesGrid\OPE_30.0_patch43.png,TRUE,FALSE,TRUE
C:\Users\dahli\OneDrive\Documents\ACRPatchesGrid\OPE_30.0_patch44.png,TRUE,FALSE,TRUE
C:\Users\dahli\OneDrive\Documents\ACRPatchesGrid\OPE_30.0_patch45.png,TRUE,FALSE,TRUE
C:\Users\dahli\OneDrive\Documents\ACRPatchesGrid\OPE_30.0_patch46.png,TRUE,FALSE,TRUE
C:\Users\dahli\OneDrive\Documents\ACRPatchesGrid\OPE_30.0_patch47.png,TRUE,FALSE,TRUE
C:\Users\dahli\OneDrive\Documents\ACRPatchesGrid\OPE_30.0_patch48.png,TRUE,FALSE,TRUE
C:\Users\dahli\OneDrive\Documents\ACRPatchesGrid\OPE_30.0_patch49.png,TRUE,FALSE,TRUE
C:\Users\dahli\OneDrive\Documents\ACRPatchesGrid\OPE_30.0_patch50.png,TRUE,FALSE,TRUE
C:\Users\dahli\OneDrive\Documents\ACRPatchesGrid\OPE_30.0_patch51.png,TRUE,FALSE,TRUE
C:\Users\dahli\OneDrive\Documents\ACRPatchesGrid\OPE_30.0_patch52.png,TRUE,FALSE,TRUE
C:\Users\dahli\OneDrive\Documents\ACRPatchesGrid\OPE_30.0_patch53.png,TRUE,FALSE,TRUE
C:\Users\dahli\OneDrive\Documents\ACRPatchesGrid\OPE_30.0_patch54.png,FALSE,FALSE,TRUE
C:\Users\dahli\OneDrive\Documents\ACRPatchesGrid\OPE_30.0_patch55.png,TRUE,FALSE,TRUE
C:\Users\dahli\OneDrive\Documents\ACRPatchesGrid\OPE_30.0_patch56.png,FALSE,FALSE,TRUE
C:\Users\dahli\OneDrive\Documents\ACRPatchesGrid\OPE_30.0_patch57.png,TRUE,FALSE,TRUE
C:\Users\dahli\OneDrive\Documents\ACRPatchesGrid\OPE_30.0_patch58.png,FALSE,FALSE,TRUE
C:\Users\dahli\OneDrive\Documents\ACRPatchesGrid\OPE_30.0_patch59.png,TRUE,FALSE,TRUE
C:\Users\dahli\OneDrive\Documents\ACRPatchesGrid\OPE_30.0_patch60.png,TRUE,FALSE,TRUE
C:\Users\dahli\OneDrive\Documents\ACRPatchesGrid\OPE_30.0_patch61.png,TRUE,FALSE,TRUE
C:\Users\dahli\OneDrive\Documents\ACRPatchesGrid\OPE_30.0_patch62.png,TRUE,FALSE,TRUE
C:\Users\dahli\OneDrive\Documents\ACRPatchesGrid\OPE_30.0_patch63.png,TRUE,FALSE,TRUE
C:\Users\dahli\OneDrive\Documents\ACRPatchesGrid\OPE_30.0_patch64.png,TRUE,FALSE,TRUE
C:\Users\dahli\OneDrive\Documents\ACRPatchesGrid\OPE_30.0_patch65.png,TRUE,FALSE,TRUE
C:\Users\dahli\OneDrive\Documents\ACRPatchesGrid\OPE_30.0_patch66.png,TRUE,FALSE,TRUE
C:\Users\dahli\OneDrive\Documents\ACRPatchesGrid\OPE_30.0_patch67.png,TRUE,FALSE,TRUE
C:\Users\dahli\OneDrive\Documents\ACRPatchesGrid\OPE_30.0_patch68.png,TRUE,FALSE,TRUE
C:\Users\dahli\OneDrive\Documents\ACRPatchesGrid\OPE_30.0_patch69.png,TRUE,FALSE,TRUE
C:\Users\dahli\OneDrive\Documents\ACRPatchesGrid\OPE_30.0_patch70.png,TRUE,FALSE,TRUE
C:\Users\dahli\OneDrive\Documents\ACRPatchesGrid\OPE_30.0_patch71.png,TRUE,FALSE,TRUE
C:\Users\dahli\OneDrive\Documents\ACRPatchesGrid\OPE_30.0_patch72.png,TRUE,FALSE,TRUE
C:\Users\dahli\OneDrive\Documents\ACRPatchesGrid\OPE_30.0_patch73.png,TRUE,FALSE,TRUE
C:\Users\dahli\OneDrive\Documents\ACRPatchesGrid\OPE_30.0_patch74.png,TRUE,FALSE,TRUE
C:\Users\dahli\OneDrive\Documents\ACRPatchesGrid\OPE_30.0_patch75.png,TRUE,FALSE,TRUE
C:\Users\dahli\OneDrive\Documents\ACRPatchesGrid\OPE_30.0_patch76.png,TRUE,FALSE,TRUE
C:\Users\dahli\OneDrive\Documents\ACRPatchesGrid\OPE_30.0_patch77.png,TRUE,FALSE,TRUE
C:\Users\dahli\OneDrive\Documents\ACRPatchesGrid\OPE_30.0_patch78.png,TRUE,FALSE,TRUE
C:\Users\dahli\OneDrive\Documents\ACRPatchesGrid\OPE_30.0_patch79.png,TRUE,FALSE,TRUE
C:\Users\dahli\OneDrive\Documents\ACRPatchesGrid\OPE_30.0_patch80.png,TRUE,FALSE,TRUE
C:\Users\dahli\OneDrive\Documents\ACRPatchesGrid\OPE_30.0_patch81.png,TRUE,FALSE,TRUE
C:\Users\dahli\OneDrive\Documents\ACRPatchesGrid\OPE_30.0_patch82.png,TRUE,FALSE,TRUE
C:\Users\dahli\OneDrive\Documents\ACRPatchesGrid\OPE_30.0_patch83.png,TRUE,FALSE,TRUE
C:\Users\dahli\OneDrive\Documents\ACRPatchesGrid\OPE_30.0_patch84.png,TRUE,FALSE,TRUE
C:\Users\dahli\OneDrive\Documents\ACRPatchesGrid\OPE_30.0_patch85.png,TRUE,FALSE,TRUE
C:\Users\dahli\OneDrive\Documents\ACRPatchesGrid\OPE_30.0_patch86.png,TRUE,FALSE,TRUE
C:\Users\dahli\OneDrive\Documents\ACRPatchesGrid\OPE_30.0_patch87.png,TRUE,FALSE,TRUE
C:\Users\dahli\OneDrive\Documents\ACRPatchesGrid\OPE_30.0_patch88.png,TRUE,FALSE,TRUE
C:\Users\dahli\OneDrive\Documents\ACRPatchesGrid\OPE_30.0_patch89.png,TRUE,FALSE,TRUE
C:\Users\dahli\OneDrive\Documents\ACRPatchesGrid\OPE_30.0_patch90.png,TRUE,FALSE,TRUE
C:\Users\dahli\OneDrive\Documents\ACRPatchesGrid\OPE_30.0_patch91.png,TRUE,FALSE,TRUE
C:\Users\dahli\OneDrive\Documents\ACRPatchesGrid\OPE_30.0_patch92.png,TRUE,FALSE,TRUE
C:\Users\dahli\OneDrive\Documents\ACRPatchesGrid\OPE_30.0_patch93.png,TRUE,FALSE,TRUE
C:\Users\dahli\OneDrive\Documents\ACRPatchesGrid\OPE_30.0_patch94.png,TRUE,FALSE,TRUE
C:\Users\dahli\OneDrive\Documents\ACRPatchesGrid\OPE_30.0_patch95.png,FALSE,FALSE,TRUE
C:\Users\dahli\OneDrive\Documents\ACRPatchesGrid\OPE_30.0_patch96.png,FALSE,FALSE,TRUE
C:\Users\dahli\OneDrive\Documents\ACRPatchesGrid\OPE_30.0_patch97.png,TRUE,FALSE,TRUE
C:\Users\dahli\OneDrive\Documents\ACRPatchesGrid\OPE_30.0_patch98.png,TRUE,FALSE,TRUE
C:\Users\dahli\OneDrive\Documents\ACRPatchesGrid\OPE_30.0_patch99.png,TRUE,FALSE,TRUE
C:\Users\dahli\OneDrive\Documents\ACRPatchesGrid\OPE_30.0_patch100.png,TRUE,FALSE,TRUE
C:\Users\dahli\OneDrive\Documents\ACRPatchesGrid\OPE_30.0_patch101.png,TRUE,FALSE,TRUE
C:\Users\dahli\OneDrive\Documents\ACRPatchesGrid\OPE_30.0_patch102.png,TRUE,FALSE,TRUE
C:\Users\dahli\OneDrive\Documents\ACRPatchesGrid\OPE_30.0_patch103.png,TRUE,FALSE,TRUE
C:\Users\dahli\OneDrive\Documents\ACRPatchesGrid\OPE_30.0_patch104.png,TRUE,FALSE,TRUE
C:\Users\dahli\OneDrive\Documents\ACRPatchesGrid\OPE_30.0_patch105.png,TRUE,FALSE,TRUE
C:\Users\dahli\OneDrive\Documents\ACRPatchesGrid\OPE_30.0_patch106.png,TRUE,FALSE,TRUE
C:\Users\dahli\OneDrive\Documents\ACRPatchesGrid\OPE_30.0_patch107.png,TRUE,FALSE,TRUE
C:\Users\dahli\OneDrive\Documents\ACRPatchesGrid\OPE_30.0_patch108.png,TRUE,FALSE,TRUE
C:\Users\dahli\OneDrive\Documents\ACRPatchesGrid\OPE_30.0_patch109.png,TRUE,FALSE,TRUE
C:\Users\dahli\OneDrive\Documents\ACRPatchesGrid\OPE_30.0_patch110.png,TRUE,FALSE,TRUE
C:\Users\dahli\OneDrive\Documents\ACRPatchesGrid\OPE_30.0_patch111.png,TRUE,FALSE,TRUE
C:\Users\dahli\OneDrive\Documents\ACRPatchesGrid\OPE_30.0_patch112.png,TRUE,FALSE,TRUE
C:\Users\dahli\OneDrive\Documents\ACRPatchesGrid\OPE_30.0_patch113.png,TRUE,FALSE,TRUE
C:\Users\dahli\OneDrive\Documents\ACRPatchesGrid\OPE_30.0_patch114.png,TRUE,FALSE,TRUE
C:\Users\dahli\OneDrive\Documents\ACRPatchesGrid\OPE_30.0_patch115.png,TRUE,FALSE,TRUE
C:\Users\dahli\OneDrive\Documents\ACRPatchesGrid\OPE_30.0_patch116.png,TRUE,FALSE,TRUE
C:\Users\dahli\OneDrive\Documents\ACRPatchesGrid\OPE_30.0_patch117.png,TRUE,FALSE,TRUE
C:\Users\dahli\OneDrive\Documents\ACRPatchesGrid\OPE_82.0_patch1.png,FALSE,FALSE,TRUE
C:\Users\dahli\OneDrive\Documents\ACRPatchesGrid\OPE_82.0_patch2.png,TRUE,FALSE,TRUE
C:\Users\dahli\OneDrive\Documents\ACRPatchesGrid\OPE_82.0_patch3.png,TRUE,FALSE,TRUE
C:\Users\dahli\OneDrive\Documents\ACRPatchesGrid\OPE_82.0_patch4.png,FALSE,FALSE,TRUE
C:\Users\dahli\OneDrive\Documents\ACRPatchesGrid\OPE_82.0_patch5.png,FALSE,FALSE,TRUE
C:\Users\dahli\OneDrive\Documents\ACRPatchesGrid\OPE_82.0_patch6.png,TRUE,FALSE,TRUE
C:\Users\dahli\OneDrive\Documents\ACRPatchesGrid\OPE_82.0_patch7.png,TRUE,FALSE,TRUE
C:\Users\dahli\OneDrive\Documents\ACRPatchesGrid\OPE_82.0_patch8.png,FALSE,FALSE,TRUE
C:\Users\dahli\OneDrive\Documents\ACRPatchesGrid\OPE_82.0_patch9.png,FALSE,FALSE,TRUE
C:\Users\dahli\OneDrive\Documents\ACRPatchesGrid\OPE_82.0_patch10.png,FALSE,FALSE,TRUE
C:\Users\dahli\OneDrive\Documents\ACRPatchesGrid\OPE_82.0_patch11.png,FALSE,FALSE,TRUE
C:\Users\dahli\OneDrive\Documents\ACRPatchesGrid\OPE_82.0_patch12.png,FALSE,FALSE,TRUE
C:\Users\dahli\OneDrive\Documents\ACRPatchesGrid\OPE_82.0_patch13.png,FALSE,FALSE,TRUE
C:\Users\dahli\OneDrive\Documents\ACRPatchesGrid\OPE_82.0_patch14.png,FALSE,FALSE,TRUE
C:\Users\dahli\OneDrive\Documents\ACRPatchesGrid\OPE_82.0_patch15.png,TRUE,FALSE,TRUE
C:\Users\dahli\OneDrive\Documents\ACRPatchesGrid\OPE_82.0_patch16.png,TRUE,FALSE,TRUE
C:\Users\dahli\OneDrive\Documents\ACRPatchesGrid\OPE_82.0_patch17.png,TRUE,FALSE,TRUE
C:\Users\dahli\OneDrive\Documents\ACRPatchesGrid\OPE_82.0_patch18.png,TRUE,FALSE,TRUE
C:\Users\dahli\OneDrive\Documents\ACRPatchesGrid\OPE_82.0_patch19.png,TRUE,FALSE,TRUE
C:\Users\dahli\OneDrive\Documents\ACRPatchesGrid\OPE_82.0_patch20.png,TRUE,FALSE,TRUE
C:\Users\dahli\OneDrive\Documents\ACRPatchesGrid\OPE_82.0_patch21.png,TRUE,FALSE,TRUE
C:\Users\dahli\OneDrive\Documents\ACRPatchesGrid\OPE_82.0_patch22.png,TRUE,FALSE,TRUE
C:\Users\dahli\OneDrive\Documents\ACRPatchesGrid\OPE_82.0_patch23.png,FALSE,FALSE,TRUE
C:\Users\dahli\OneDrive\Documents\ACRPatchesGrid\OPE_82.0_patch24.png,FALSE,FALSE,TRUE
C:\Users\dahli\OneDrive\Documents\ACRPatchesGrid\OPE_82.0_patch25.png,FALSE,FALSE,TRUE
C:\Users\dahli\OneDrive\Documents\ACRPatchesGrid\OPE_82.0_patch26.png,FALSE,FALSE,TRUE
C:\Users\dahli\OneDrive\Documents\ACRPatchesGrid\OPE_82.0_patch27.png,FALSE,FALSE,TRUE
C:\Users\dahli\OneDrive\Documents\ACRPatchesGrid\OPE_82.0_patch28.png,FALSE,FALSE,TRUE
C:\Users\dahli\OneDrive\Documents\ACRPatchesGrid\OPE_82.0_patch29.png,TRUE,FALSE,TRUE
C:\Users\dahli\OneDrive\Documents\ACRPatchesGrid\OPE_82.0_patch30.png,TRUE,FALSE,TRUE
C:\Users\dahli\OneDrive\Documents\ACRPatchesGrid\OPE_82.0_patch31.png,TRUE,FALSE,TRUE
C:\Users\dahli\OneDrive\Documents\ACRPatchesGrid\OPE_82.0_patch32.png,TRUE,FALSE,TRUE
C:\Users\dahli\OneDrive\Documents\ACRPatchesGrid\OPE_82.0_patch33.png,TRUE,FALSE,TRUE
C:\Users\dahli\OneDrive\Documents\ACRPatchesGrid\OPE_82.0_patch34.png,TRUE,FALSE,TRUE
C:\Users\dahli\OneDrive\Documents\ACRPatchesGrid\OPE_82.0_patch35.png,TRUE,FALSE,TRUE
C:\Users\dahli\OneDrive\Documents\ACRPatchesGrid\OPE_82.0_patch36.png,TRUE,FALSE,TRUE
C:\Users\dahli\OneDrive\Documents\ACRPatchesGrid\OPE_82.0_patch37.png,TRUE,FALSE,TRUE
C:\Users\dahli\OneDrive\Documents\ACRPatchesGrid\OPE_82.0_patch38.png,TRUE,FALSE,TRUE
C:\Users\dahli\OneDrive\Documents\ACRPatchesGrid\OPE_82.0_patch39.png,TRUE,FALSE,TRUE
C:\Users\dahli\OneDrive\Documents\ACRPatchesGrid\OPE_82.0_patch40.png,FALSE,FALSE,TRUE
C:\Users\dahli\OneDrive\Documents\ACRPatchesGrid\OPE_82.0_patch41.png,FALSE,FALSE,TRUE
C:\Users\dahli\OneDrive\Documents\ACRPatchesGrid\OPE_82.0_patch42.png,FALSE,FALSE,TRUE
C:\Users\dahli\OneDrive\Documents\ACRPatchesGrid\OPE_82.0_patch43.png,TRUE,FALSE,TRUE
C:\Users\dahli\OneDrive\Documents\ACRPatchesGrid\OPE_82.0_patch44.png,TRUE,FALSE,TRUE
C:\Users\dahli\OneDrive\Documents\ACRPatchesGrid\OPE_82.0_patch45.png,TRUE,FALSE,TRUE
C:\Users\dahli\OneDrive\Documents\ACRPatchesGrid\OPE_82.0_patch46.png,TRUE,FALSE,TRUE
C:\Users\dahli\OneDrive\Documents\ACRPatchesGrid\OPE_82.0_patch47.png,TRUE,FALSE,TRUE
C:\Users\dahli\OneDrive\Documents\ACRPatchesGrid\OPE_82.0_patch48.png,TRUE,FALSE,TRUE
C:\Users\dahli\OneDrive\Documents\ACRPatchesGrid\OPE_82.0_patch49.png,TRUE,FALSE,TRUE
C:\Users\dahli\OneDrive\Documents\ACRPatchesGrid\OPE_82.0_patch50.png,TRUE,FALSE,TRUE
C:\Users\dahli\OneDrive\Documents\ACRPatchesGrid\OPE_82.0_patch51.png,TRUE,FALSE,TRUE
C:\Users\dahli\OneDrive\Documents\ACRPatchesGrid\OPE_82.0_patch52.png,TRUE,FALSE,TRUE
C:\Users\dahli\OneDrive\Documents\ACRPatchesGrid\OPE_82.0_patch53.png,TRUE,FALSE,TRUE
C:\Users\dahli\OneDrive\Documents\ACRPatchesGrid\OPE_82.0_patch54.png,TRUE,FALSE,TRUE
C:\Users\dahli\OneDrive\Documents\ACRPatchesGrid\OPE_82.0_patch55.png,TRUE,FALSE,TRUE
C:\Users\dahli\OneDrive\Documents\ACRPatchesGrid\OPE_82.0_patch56.png,TRUE,FALSE,TRUE
C:\Users\dahli\OneDrive\Documents\ACRPatchesGrid\OPE_82.0_patch57.png,FALSE,FALSE,TRUE
C:\Users\dahli\OneDrive\Documents\ACRPatchesGrid\OPE_82.0_patch58.png,TRUE,FALSE,TRUE
C:\Users\dahli\OneDrive\Documents\ACRPatchesGrid\OPE_82.0_patch59.png,TRUE,FALSE,TRUE
C:\Users\dahli\OneDrive\Documents\ACRPatchesGrid\OPE_82.0_patch60.png,TRUE,FALSE,TRUE
C:\Users\dahli\OneDrive\Documents\ACRPatchesGrid\OPE_82.0_patch61.png,TRUE,FALSE,TRUE
C:\Users\dahli\OneDrive\Documents\ACRPatchesGrid\OPE_82.0_patch62.png,TRUE,FALSE,TRUE
C:\Users\dahli\OneDrive\Documents\ACRPatchesGrid\OPE_82.0_patch63.png,TRUE,FALSE,TRUE
C:\Users\dahli\OneDrive\Documents\ACRPatchesGrid\OPE_82.0_patch64.png,TRUE,FALSE,TRUE
C:\Users\dahli\OneDrive\Documents\ACRPatchesGrid\OPE_82.0_patch65.png,TRUE,FALSE,TRUE
C:\Users\dahli\OneDrive\Documents\ACRPatchesGrid\OPE_82.0_patch66.png,TRUE,FALSE,TRUE
C:\Users\dahli\OneDrive\Documents\ACRPatchesGrid\OPE_82.0_patch67.png,TRUE,FALSE,TRUE
C:\Users\dahli\OneDrive\Documents\ACRPatchesGrid\OPE_82.0_patch68.png,TRUE,FALSE,TRUE
C:\Users\dahli\OneDrive\Documents\ACRPatchesGrid\OPE_82.0_patch69.png,TRUE,FALSE,TRUE
C:\Users\dahli\OneDrive\Documents\ACRPatchesGrid\OPE_82.0_patch70.png,TRUE,FALSE,TRUE
C:\Users\dahli\OneDrive\Documents\ACRPatchesGrid\OPE_82.0_patch71.png,FALSE,FALSE,TRUE
C:\Users\dahli\OneDrive\Documents\ACRPatchesGrid\OPE_82.0_patch72.png,TRUE,FALSE,TRUE
C:\Users\dahli\OneDrive\Documents\ACRPatchesGrid\OPE_82.0_patch73.png,TRUE,FALSE,TRUE
C:\Users\dahli\OneDrive\Documents\ACRPatchesGrid\OPE_82.0_patch74.png,TRUE,FALSE,TRUE
C:\Users\dahli\OneDrive\Documents\ACRPatchesGrid\OPE_82.0_patch75.png,TRUE,FALSE,TRUE
C:\Users\dahli\OneDrive\Documents\ACRPatchesGrid\OPE_82.0_patch76.png,TRUE,FALSE,TRUE
C:\Users\dahli\OneDrive\Documents\ACRPatchesGrid\OPE_82.0_patch77.png,TRUE,FALSE,TRUE
C:\Users\dahli\OneDrive\Documents\ACRPatchesGrid\OPE_82.0_patch78.png,TRUE,FALSE,TRUE
C:\Users\dahli\OneDrive\Documents\ACRPatchesGrid\OPE_82.0_patch79.png,TRUE,FALSE,TRUE
C:\Users\dahli\OneDrive\Documents\ACRPatchesGrid\OPE_82.0_patch80.png,TRUE,FALSE,TRUE
C:\Users\dahli\OneDrive\Documents\ACRPatchesGrid\OPE_82.0_patch81.png,TRUE,FALSE,TRUE
C:\Users\dahli\OneDrive\Documents\ACRPatchesGrid\OPE_82.0_patch82.png,TRUE,FALSE,TRUE
C:\Users\dahli\OneDrive\Documents\ACRPatchesGrid\OPE_82.0_patch83.png,TRUE,FALSE,TRUE
C:\Users\dahli\OneDrive\Documents\ACRPatchesGrid\OPE_82.0_patch84.png,TRUE,FALSE,TRUE
C:\Users\dahli\OneDrive\Documents\ACRPatchesGrid\OPE_82.0_patch85.png,FALSE,FALSE,TRUE
C:\Users\dahli\OneDrive\Documents\ACRPatchesGrid\OPE_82.0_patch86.png,TRUE,FALSE,TRUE
C:\Users\dahli\OneDrive\Documents\ACRPatchesGrid\OPE_82.0_patch87.png,TRUE,FALSE,TRUE
C:\Users\dahli\OneDrive\Documents\ACRPatchesGrid\OPE_82.0_patch88.png,TRUE,FALSE,TRUE
C:\Users\dahli\OneDrive\Documents\ACRPatchesGrid\OPE_82.0_patch89.png,TRUE,FALSE,TRUE
C:\Users\dahli\OneDrive\Documents\ACRPatchesGrid\OPE_82.0_patch90.png,TRUE,FALSE,TRUE
C:\Users\dahli\OneDrive\Documents\ACRPatchesGrid\OPE_82.0_patch91.png,FALSE,FALSE,TRUE
C:\Users\dahli\OneDrive\Documents\ACRPatchesGrid\OPE_82.0_patch92.png,TRUE,FALSE,TRUE
C:\Users\dahli\OneDrive\Documents\ACRPatchesGrid\OPE_82.0_patch93.png,TRUE,FALSE,TRUE
C:\Users\dahli\OneDrive\Documents\ACRPatchesGrid\OPE_82.0_patch94.png,TRUE,FALSE,TRUE
C:\Users\dahli\OneDrive\Documents\ACRPatchesGrid\OPE_82.0_patch95.png,TRUE,FALSE,TRUE
C:\Users\dahli\OneDrive\Documents\ACRPatchesGrid\OPE_82.0_patch96.png,TRUE,FALSE,TRUE
C:\Users\dahli\OneDrive\Documents\ACRPatchesGrid\OPE_82.0_patch97.png,TRUE,FALSE,TRUE
C:\Users\dahli\OneDrive\Documents\ACRPatchesGrid\OPE_82.0_patch98.png,TRUE,FALSE,TRUE
C:\Users\dahli\OneDrive\Documents\ACRPatchesGrid\OPE_82.0_patch99.png,FALSE,FALSE,TRUE
C:\Users\dahli\OneDrive\Documents\ACRPatchesGrid\OPE_82.0_patch100.png,FALSE,FALSE,TRUE
C:\Users\dahli\OneDrive\Documents\ACRPatchesGrid\OPE_82.0_patch101.png,TRUE,FALSE,TRUE
C:\Users\dahli\OneDrive\Documents\ACRPatchesGrid\OPE_82.0_patch102.png,TRUE,FALSE,TRUE
C:\Users\dahli\OneDrive\Documents\ACRPatchesGrid\OPE_82.0_patch103.png,TRUE,FALSE,TRUE
C:\Users\dahli\OneDrive\Documents\ACRPatchesGrid\OPE_82.0_patch104.png,TRUE,FALSE,TRUE
C:\Users\dahli\OneDrive\Documents\ACRPatchesGrid\OPE_82.0_patch105.png,TRUE,FALSE,TRUE
C:\Users\dahli\OneDrive\Documents\ACRPatchesGrid\OPE_82.0_patch106.png,TRUE,FALSE,TRUE
C:\Users\dahli\OneDrive\Documents\ACRPatchesGrid\OPE_82.0_patch107.png,TRUE,FALSE,TRUE
C:\Users\dahli\OneDrive\Documents\ACRPatchesGrid\OPE_82.0_patch108.png,TRUE,FALSE,TRUE
C:\Users\dahli\OneDrive\Documents\ACRPatchesGrid\OPE_82.0_patch109.png,TRUE,FALSE,TRUE
C:\Users\dahli\OneDrive\Documents\ACRPatchesGrid\OPE_82.0_patch110.png,TRUE,FALSE,TRUE
C:\Users\dahli\OneDrive\Documents\ACRPatchesGrid\OPE_82.0_patch111.png,TRUE,FALSE,TRUE
C:\Users\dahli\OneDrive\Documents\ACRPatchesGrid\OPE_82.0_patch112.png,TRUE,FALSE,TRUE
C:\Users\dahli\OneDrive\Documents\ACRPatchesGrid\OPE_82.0_patch113.png,FALSE,FALSE,TRUE
C:\Users\dahli\OneDrive\Documents\ACRPatchesGrid\OPE_82.0_patch114.png,FALSE,FALSE,TRUE
C:\Users\dahli\OneDrive\Documents\ACRPatchesGrid\OPE_82.0_patch115.png,TRUE,FALSE,TRUE
C:\Users\dahli\OneDrive\Documents\ACRPatchesGrid\OPE_82.0_patch116.png,TRUE,FALSE,TRUE
C:\Users\dahli\OneDrive\Documents\ACRPatchesGrid\OPE_82.0_patch117.png,TRUE,FALSE,TRUE
C:\Users\dahli\OneDrive\Documents\ACRPatchesGrid\OPE_82.0_patch118.png,TRUE,FALSE,TRUE
C:\Users\dahli\OneDrive\Documents\ACRPatchesGrid\OPE_82.0_patch119.png,TRUE,FALSE,TRUE
C:\Users\dahli\OneDrive\Documents\ACRPatchesGrid\OPE_82.0_patch120.png,TRUE,FALSE,TRUE
C:\Users\dahli\OneDrive\Documents\ACRPatchesGrid\OPE_82.0_patch121.png,TRUE,FALSE,TRUE
C:\Users\dahli\OneDrive\Documents\ACRPatchesGrid\OPE_82.0_patch122.png,TRUE,FALSE,TRUE
C:\Users\dahli\OneDrive\Documents\ACRPatchesGrid\OPE_82.0_patch123.png,TRUE,FALSE,TRUE
C:\Users\dahli\OneDrive\Documents\ACRPatchesGrid\OPE_82.0_patch124.png,TRUE,FALSE,TRUE
C:\Users\dahli\OneDrive\Documents\ACRPatchesGrid\OPE_82.0_patch125.png,TRUE,FALSE,TRUE
C:\Users\dahli\OneDrive\Documents\ACRPatchesGrid\OPE_82.0_patch126.png,FALSE,FALSE,TRUE
C:\Users\dahli\OneDrive\Documents\ACRPatchesGrid\OPE_82.0_patch127.png,FALSE,FALSE,TRUE
C:\Users\dahli\OneDrive\Documents\ACRPatchesGrid\OPE_82.0_patch128.png,FALSE,FALSE,TRUE
C:\Users\dahli\OneDrive\Documents\ACRPatchesGrid\OPE_82.0_patch129.png,TRUE,FALSE,TRUE
C:\Users\dahli\OneDrive\Documents\ACRPatchesGrid\OPE_82.0_patch130.png,TRUE,FALSE,TRUE
C:\Users\dahli\OneDrive\Documents\ACRPatchesGrid\OPE_82.0_patch131.png,TRUE,FALSE,TRUE
C:\Users\dahli\OneDrive\Documents\ACRPatchesGrid\OPE_82.0_patch132.png,TRUE,FALSE,TRUE
C:\Users\dahli\OneDrive\Documents\ACRPatchesGrid\OPE_82.0_patch133.png,TRUE,FALSE,TRUE
C:\Users\dahli\OneDrive\Documents\ACRPatchesGrid\OPE_82.0_patch134.png,TRUE,FALSE,TRUE
C:\Users\dahli\OneDrive\Documents\ACRPatchesGrid\OPE_82.0_patch135.png,TRUE,FALSE,TRUE
C:\Users\dahli\OneDrive\Documents\ACRPatchesGrid\OPE_82.0_patch136.png,TRUE,FALSE,TRUE
C:\Users\dahli\OneDrive\Documents\ACRPatchesGrid\OPE_82.0_patch137.png,TRUE,FALSE,TRUE
C:\Users\dahli\OneDrive\Documents\ACRPatchesGrid\OPE_82.0_patch138.png,FALSE,FALSE,TRUE
C:\Users\dahli\OneDrive\Documents\ACRPatchesGrid\OPE_82.0_patch139.png,TRUE,FALSE,TRUE
C:\Users\dahli\OneDrive\Documents\ACRPatchesGrid\OPE_82.0_patch140.png,FALSE,FALSE,TRUE
C:\Users\dahli\OneDrive\Documents\ACRPatchesGrid\OPF_11.2_patch1.png,TRUE,FALSE,TRUE
C:\Users\dahli\OneDrive\Documents\ACRPatchesGrid\OPF_11.2_patch2.png,TRUE,FALSE,TRUE
C:\Users\dahli\OneDrive\Documents\ACRPatchesGrid\OPF_11.2_patch3.png,TRUE,FALSE,TRUE
C:\Users\dahli\OneDrive\Documents\ACRPatchesGrid\OPF_11.2_patch4.png,TRUE,FALSE,TRUE
C:\Users\dahli\OneDrive\Documents\ACRPatchesGrid\OPF_11.2_patch5.png,TRUE,FALSE,TRUE
C:\Users\dahli\OneDrive\Documents\ACRPatchesGrid\OPF_11.2_patch6.png,TRUE,FALSE,TRUE
C:\Users\dahli\OneDrive\Documents\ACRPatchesGrid\OPF_11.2_patch7.png,TRUE,FALSE,TRUE
C:\Users\dahli\OneDrive\Documents\ACRPatchesGrid\OPF_11.2_patch8.png,TRUE,FALSE,TRUE
C:\Users\dahli\OneDrive\Documents\ACRPatchesGrid\OPF_11.2_patch9.png,TRUE,FALSE,TRUE
C:\Users\dahli\OneDrive\Documents\ACRPatchesGrid\OPF_11.2_patch10.png,TRUE,FALSE,TRUE
C:\Users\dahli\OneDrive\Documents\ACRPatchesGrid\OPF_11.2_patch11.png,TRUE,FALSE,TRUE
C:\Users\dahli\OneDrive\Documents\ACRPatchesGrid\OPF_11.2_patch12.png,TRUE,FALSE,TRUE
C:\Users\dahli\OneDrive\Documents\ACRPatchesGrid\OPF_11.2_patch13.png,TRUE,FALSE,TRUE
C:\Users\dahli\OneDrive\Documents\ACRPatchesGrid\OPF_11.2_patch14.png,TRUE,FALSE,TRUE
C:\Users\dahli\OneDrive\Documents\ACRPatchesGrid\OPF_11.2_patch15.png,TRUE,FALSE,TRUE
C:\Users\dahli\OneDrive\Documents\ACRPatchesGrid\OPF_11.2_patch16.png,TRUE,FALSE,TRUE
C:\Users\dahli\OneDrive\Documents\ACRPatchesGrid\OPF_11.2_patch17.png,TRUE,FALSE,TRUE
C:\Users\dahli\OneDrive\Documents\ACRPatchesGrid\OPF_11.2_patch18.png,TRUE,FALSE,TRUE
C:\Users\dahli\OneDrive\Documents\ACRPatchesGrid\OPF_11.2_patch19.png,TRUE,FALSE,TRUE
C:\Users\dahli\OneDrive\Documents\ACRPatchesGrid\OPF_11.2_patch20.png,TRUE,FALSE,TRUE
C:\Users\dahli\OneDrive\Documents\ACRPatchesGrid\OPF_11.2_patch21.png,TRUE,FALSE,TRUE
C:\Users\dahli\OneDrive\Documents\ACRPatchesGrid\OPF_11.2_patch22.png,TRUE,FALSE,TRUE
C:\Users\dahli\OneDrive\Documents\ACRPatchesGrid\OPF_11.2_patch23.png,TRUE,FALSE,TRUE
C:\Users\dahli\OneDrive\Documents\ACRPatchesGrid\OPF_11.2_patch24.png,TRUE,FALSE,TRUE
C:\Users\dahli\OneDrive\Documents\ACRPatchesGrid\OPF_11.2_patch25.png,TRUE,FALSE,TRUE
C:\Users\dahli\OneDrive\Documents\ACRPatchesGrid\OPF_11.2_patch26.png,TRUE,FALSE,TRUE
C:\Users\dahli\OneDrive\Documents\ACRPatchesGrid\OPF_11.2_patch27.png,TRUE,FALSE,TRUE
C:\Users\dahli\OneDrive\Documents\ACRPatchesGrid\OPF_11.2_patch28.png,TRUE,FALSE,TRUE
C:\Users\dahli\OneDrive\Documents\ACRPatchesGrid\OPF_11.2_patch29.png,TRUE,FALSE,TRUE
C:\Users\dahli\OneDrive\Documents\ACRPatchesGrid\OPF_11.2_patch30.png,TRUE,FALSE,TRUE
C:\Users\dahli\OneDrive\Documents\ACRPatchesGrid\OPF_11.2_patch31.png,TRUE,FALSE,TRUE
C:\Users\dahli\OneDrive\Documents\ACRPatchesGrid\OPF_11.2_patch32.png,TRUE,FALSE,TRUE
C:\Users\dahli\OneDrive\Documents\ACRPatchesGrid\OPF_11.2_patch33.png,TRUE,FALSE,TRUE
C:\Users\dahli\OneDrive\Documents\ACRPatchesGrid\OPF_11.2_patch34.png,TRUE,FALSE,TRUE
C:\Users\dahli\OneDrive\Documents\ACRPatchesGrid\OPF_11.2_patch35.png,TRUE,FALSE,TRUE
C:\Users\dahli\OneDrive\Documents\ACRPatchesGrid\OPF_11.2_patch36.png,TRUE,FALSE,TRUE
C:\Users\dahli\OneDrive\Documents\ACRPatchesGrid\OPF_11.2_patch37.png,TRUE,FALSE,TRUE
C:\Users\dahli\OneDrive\Documents\ACRPatchesGrid\OPF_11.2_patch38.png,TRUE,FALSE,TRUE
C:\Users\dahli\OneDrive\Documents\ACRPatchesGrid\OPF_11.2_patch39.png,TRUE,FALSE,TRUE
C:\Users\dahli\OneDrive\Documents\ACRPatchesGrid\OPF_11.2_patch40.png,TRUE,FALSE,TRUE
C:\Users\dahli\OneDrive\Documents\ACRPatchesGrid\OPF_11.2_patch41.png,TRUE,FALSE,TRUE
C:\Users\dahli\OneDrive\Documents\ACRPatchesGrid\OPF_11.2_patch42.png,TRUE,FALSE,TRUE
C:\Users\dahli\OneDrive\Documents\ACRPatchesGrid\OPF_11.2_patch43.png,TRUE,FALSE,TRUE
C:\Users\dahli\OneDrive\Documents\ACRPatchesGrid\OPF_11.2_patch44.png,TRUE,FALSE,TRUE
C:\Users\dahli\OneDrive\Documents\ACRPatchesGrid\OPF_11.2_patch45.png,TRUE,FALSE,TRUE
C:\Users\dahli\OneDrive\Documents\ACRPatchesGrid\OPF_11.2_patch46.png,TRUE,FALSE,TRUE
C:\Users\dahli\OneDrive\Documents\ACRPatchesGrid\OPF_11.2_patch47.png,TRUE,FALSE,TRUE
C:\Users\dahli\OneDrive\Documents\ACRPatchesGrid\OPF_11.2_patch48.png,TRUE,FALSE,TRUE
C:\Users\dahli\OneDrive\Documents\ACRPatchesGrid\OPF_11.2_patch49.png,TRUE,FALSE,TRUE
C:\Users\dahli\OneDrive\Documents\ACRPatchesGrid\OPF_11.2_patch50.png,TRUE,FALSE,TRUE
C:\Users\dahli\OneDrive\Documents\ACRPatchesGrid\OPF_11.2_patch51.png,TRUE,FALSE,TRUE
C:\Users\dahli\OneDrive\Documents\ACRPatchesGrid\OPF_11.2_patch52.png,TRUE,FALSE,TRUE
C:\Users\dahli\OneDrive\Documents\ACRPatchesGrid\OPF_11.2_patch53.png,TRUE,FALSE,TRUE
C:\Users\dahli\OneDrive\Documents\ACRPatchesGrid\OPF_11.2_patch54.png,TRUE,FALSE,TRUE
C:\Users\dahli\OneDrive\Documents\ACRPatchesGrid\OPF_11.2_patch55.png,TRUE,FALSE,TRUE
C:\Users\dahli\OneDrive\Documents\ACRPatchesGrid\OPF_11.2_patch56.png,TRUE,FALSE,TRUE
C:\Users\dahli\OneDrive\Documents\ACRPatchesGrid\OPF_11.2_patch57.png,TRUE,FALSE,TRUE
C:\Users\dahli\OneDrive\Documents\ACRPatchesGrid\OPF_11.2_patch58.png,TRUE,FALSE,TRUE
C:\Users\dahli\OneDrive\Documents\ACRPatchesGrid\OPF_11.2_patch59.png,TRUE,FALSE,TRUE
C:\Users\dahli\OneDrive\Documents\ACRPatchesGrid\OPF_11.2_patch60.png,TRUE,FALSE,TRUE
C:\Users\dahli\OneDrive\Documents\ACRPatchesGrid\OPF_11.2_patch61.png,TRUE,FALSE,TRUE
C:\Users\dahli\OneDrive\Documents\ACRPatchesGrid\OPF_11.2_patch62.png,TRUE,FALSE,TRUE
C:\Users\dahli\OneDrive\Documents\ACRPatchesGrid\OPF_11.2_patch63.png,TRUE,FALSE,TRUE
C:\Users\dahli\OneDrive\Documents\ACRPatchesGrid\OPF_11.2_patch64.png,TRUE,FALSE,TRUE
C:\Users\dahli\OneDrive\Documents\ACRPatchesGrid\OPF_11.2_patch65.png,TRUE,FALSE,TRUE
C:\Users\dahli\OneDrive\Documents\ACRPatchesGrid\OPF_11.2_patch66.png,TRUE,FALSE,TRUE
C:\Users\dahli\OneDrive\Documents\ACRPatchesGrid\OPF_11.2_patch67.png,TRUE,FALSE,TRUE
C:\Users\dahli\OneDrive\Documents\ACRPatchesGrid\OPF_11.2_patch68.png,TRUE,FALSE,TRUE
C:\Users\dahli\OneDrive\Documents\ACRPatchesGrid\OPF_11.2_patch69.png,TRUE,FALSE,TRUE
C:\Users\dahli\OneDrive\Documents\ACRPatchesGrid\OPF_11.2_patch70.png,TRUE,FALSE,TRUE
C:\Users\dahli\OneDrive\Documents\ACRPatchesGrid\OPF_11.2_patch71.png,TRUE,FALSE,TRUE
C:\Users\dahli\OneDrive\Documents\ACRPatchesGrid\OPF_11.2_patch72.png,TRUE,FALSE,TRUE
C:\Users\dahli\OneDrive\Documents\ACRPatchesGrid\OPF_11.2_patch73.png,TRUE,FALSE,TRUE
C:\Users\dahli\OneDrive\Documents\ACRPatchesGrid\OPF_11.2_patch74.png,TRUE,FALSE,TRUE
C:\Users\dahli\OneDrive\Documents\ACRPatchesGrid\OPF_11.2_patch75.png,TRUE,FALSE,TRUE
C:\Users\dahli\OneDrive\Documents\ACRPatchesGrid\OPF_11.2_patch76.png,TRUE,FALSE,TRUE
C:\Users\dahli\OneDrive\Documents\ACRPatchesGrid\OPF_11.2_patch77.png,TRUE,FALSE,TRUE
C:\Users\dahli\OneDrive\Documents\ACRPatchesGrid\OPF_11.2_patch78.png,TRUE,FALSE,TRUE
C:\Users\dahli\OneDrive\Documents\ACRPatchesGrid\OPF_11.2_patch79.png,TRUE,FALSE,TRUE
C:\Users\dahli\OneDrive\Documents\ACRPatchesGrid\OPF_11.2_patch80.png,TRUE,FALSE,TRUE
C:\Users\dahli\OneDrive\Documents\ACRPatchesGrid\OPF_11.2_patch81.png,TRUE,FALSE,TRUE
C:\Users\dahli\OneDrive\Documents\ACRPatchesGrid\OPF_11.2_patch82.png,TRUE,FALSE,TRUE
C:\Users\dahli\OneDrive\Documents\ACRPatchesGrid\OPF_11.2_patch83.png,TRUE,FALSE,TRUE
C:\Users\dahli\OneDrive\Documents\ACRPatchesGrid\OPF_11.2_patch84.png,TRUE,FALSE,TRUE
C:\Users\dahli\OneDrive\Documents\ACRPatchesGrid\OPF_11.2_patch85.png,TRUE,FALSE,TRUE
C:\Users\dahli\OneDrive\Documents\ACRPatchesGrid\OPF_11.2_patch86.png,TRUE,FALSE,TRUE
C:\Users\dahli\OneDrive\Documents\ACRPatchesGrid\OPF_11.2_patch87.png,TRUE,FALSE,TRUE
C:\Users\dahli\OneDrive\Documents\ACRPatchesGrid\OPF_11.2_patch88.png,TRUE,FALSE,TRUE
C:\Users\dahli\OneDrive\Documents\ACRPatchesGrid\OPF_97.0_patch1.png,FALSE,FALSE,TRUE
C:\Users\dahli\OneDrive\Documents\ACRPatchesGrid\OPF_97.0_patch2.png,FALSE,FALSE,TRUE
C:\Users\dahli\OneDrive\Documents\ACRPatchesGrid\OPF_97.0_patch3.png,FALSE,FALSE,TRUE
C:\Users\dahli\OneDrive\Documents\ACRPatchesGrid\OPF_97.0_patch4.png,FALSE,FALSE,TRUE
C:\Users\dahli\OneDrive\Documents\ACRPatchesGrid\OPF_97.0_patch5.png,FALSE,FALSE,TRUE
C:\Users\dahli\OneDrive\Documents\ACRPatchesGrid\OPF_97.0_patch6.png,FALSE,FALSE,TRUE
C:\Users\dahli\OneDrive\Documents\ACRPatchesGrid\OPF_97.0_patch7.png,FALSE,FALSE,TRUE
C:\Users\dahli\OneDrive\Documents\ACRPatchesGrid\OPF_97.0_patch8.png,FALSE,FALSE,TRUE
C:\Users\dahli\OneDrive\Documents\ACRPatchesGrid\OPF_97.0_patch9.png,FALSE,FALSE,TRUE
C:\Users\dahli\OneDrive\Documents\ACRPatchesGrid\OPF_97.0_patch10.png,FALSE,FALSE,TRUE
C:\Users\dahli\OneDrive\Documents\ACRPatchesGrid\OPF_97.0_patch11.png,FALSE,FALSE,TRUE
C:\Users\dahli\OneDrive\Documents\ACRPatchesGrid\OPF_97.0_patch12.png,FALSE,FALSE,TRUE
C:\Users\dahli\OneDrive\Documents\ACRPatchesGrid\OPF_97.0_patch13.png,FALSE,FALSE,TRUE
C:\Users\dahli\OneDrive\Documents\ACRPatchesGrid\OPF_97.0_patch14.png,FALSE,FALSE,TRUE
C:\Users\dahli\OneDrive\Documents\ACRPatchesGrid\OPF_97.0_patch15.png,FALSE,FALSE,TRUE
C:\Users\dahli\OneDrive\Documents\ACRPatchesGrid\OPF_97.0_patch16.png,FALSE,FALSE,TRUE
C:\Users\dahli\OneDrive\Documents\ACRPatchesGrid\OPF_97.0_patch17.png,FALSE,FALSE,TRUE
C:\Users\dahli\OneDrive\Documents\ACRPatchesGrid\OPF_97.0_patch18.png,FALSE,FALSE,TRUE
C:\Users\dahli\OneDrive\Documents\ACRPatchesGrid\OPF_97.0_patch19.png,FALSE,FALSE,TRUE
C:\Users\dahli\OneDrive\Documents\ACRPatchesGrid\OPF_97.0_patch20.png,FALSE,FALSE,TRUE
C:\Users\dahli\OneDrive\Documents\ACRPatchesGrid\OPF_97.0_patch21.png,FALSE,FALSE,TRUE
C:\Users\dahli\OneDrive\Documents\ACRPatchesGrid\OPF_97.0_patch22.png,FALSE,FALSE,TRUE
C:\Users\dahli\OneDrive\Documents\ACRPatchesGrid\OPF_97.0_patch23.png,FALSE,FALSE,TRUE
C:\Users\dahli\OneDrive\Documents\ACRPatchesGrid\OPF_97.0_patch24.png,FALSE,FALSE,TRUE
C:\Users\dahli\OneDrive\Documents\ACRPatchesGrid\OPF_97.0_patch25.png,FALSE,FALSE,TRUE
C:\Users\dahli\OneDrive\Documents\ACRPatchesGrid\OPF_97.0_patch26.png,FALSE,FALSE,TRUE
C:\Users\dahli\OneDrive\Documents\ACRPatchesGrid\OPF_97.0_patch27.png,FALSE,FALSE,TRUE
C:\Users\dahli\OneDrive\Documents\ACRPatchesGrid\OPF_97.0_patch28.png,FALSE,FALSE,TRUE
C:\Users\dahli\OneDrive\Documents\ACRPatchesGrid\OPF_97.0_patch29.png,FALSE,FALSE,TRUE
C:\Users\dahli\OneDrive\Documents\ACRPatchesGrid\OPF_97.0_patch30.png,FALSE,FALSE,TRUE
C:\Users\dahli\OneDrive\Documents\ACRPatchesGrid\OPF_97.0_patch31.png,FALSE,FALSE,TRUE
C:\Users\dahli\OneDrive\Documents\ACRPatchesGrid\OPF_97.0_patch32.png,FALSE,FALSE,TRUE
C:\Users\dahli\OneDrive\Documents\ACRPatchesGrid\OPF_97.0_patch33.png,FALSE,FALSE,TRUE
C:\Users\dahli\OneDrive\Documents\ACRPatchesGrid\OPF_97.0_patch34.png,FALSE,FALSE,TRUE
C:\Users\dahli\OneDrive\Documents\ACRPatchesGrid\OPF_97.0_patch35.png,FALSE,FALSE,TRUE
C:\Users\dahli\OneDrive\Documents\ACRPatchesGrid\OPF_97.0_patch36.png,FALSE,FALSE,TRUE
C:\Users\dahli\OneDrive\Documents\ACRPatchesGrid\OPF_97.0_patch37.png,FALSE,FALSE,TRUE
C:\Users\dahli\OneDrive\Documents\ACRPatchesGrid\OPF_97.0_patch38.png,FALSE,FALSE,TRUE
C:\Users\dahli\OneDrive\Documents\ACRPatchesGrid\OPF_97.0_patch39.png,FALSE,FALSE,TRUE
C:\Users\dahli\OneDrive\Documents\ACRPatchesGrid\OPF_97.0_patch40.png,FALSE,FALSE,TRUE
C:\Users\dahli\OneDrive\Documents\ACRPatchesGrid\OPF_97.0_patch41.png,FALSE,FALSE,TRUE
C:\Users\dahli\OneDrive\Documents\ACRPatchesGrid\OPF_97.0_patch42.png,FALSE,FALSE,TRUE
C:\Users\dahli\OneDrive\Documents\ACRPatchesGrid\OPF_97.0_patch43.png,FALSE,FALSE,TRUE
C:\Users\dahli\OneDrive\Documents\ACRPatchesGrid\OPF_97.0_patch44.png,FALSE,FALSE,TRUE
C:\Users\dahli\OneDrive\Documents\ACRPatchesGrid\OPF_97.0_patch45.png,FALSE,FALSE,TRUE
C:\Users\dahli\OneDrive\Documents\ACRPatchesGrid\OPF_97.0_patch46.png,FALSE,FALSE,TRUE
C:\Users\dahli\OneDrive\Documents\ACRPatchesGrid\OPF_97.0_patch47.png,FALSE,FALSE,TRUE
C:\Users\dahli\OneDrive\Documents\ACRPatchesGrid\OPF_97.0_patch48.png,FALSE,FALSE,TRUE
C:\Users\dahli\OneDrive\Documents\ACRPatchesGrid\OPF_97.0_patch49.png,FALSE,FALSE,TRUE
C:\Users\dahli\OneDrive\Documents\ACRPatchesGrid\OPF_97.0_patch50.png,FALSE,FALSE,TRUE
C:\Users\dahli\OneDrive\Documents\ACRPatchesGrid\OPF_97.0_patch51.png,FALSE,FALSE,TRUE
C:\Users\dahli\OneDrive\Documents\ACRPatchesGrid\OPF_97.0_patch52.png,FALSE,FALSE,TRUE
C:\Users\dahli\OneDrive\Documents\ACRPatchesGrid\OPF_97.0_patch53.png,FALSE,FALSE,TRUE
C:\Users\dahli\OneDrive\Documents\ACRPatchesGrid\OPF_97.0_patch54.png,FALSE,FALSE,TRUE
C:\Users\dahli\OneDrive\Documents\ACRPatchesGrid\OPF_97.0_patch55.png,FALSE,FALSE,TRUE
C:\Users\dahli\OneDrive\Documents\ACRPatchesGrid\OPF_97.0_patch56.png,FALSE,FALSE,TRUE
C:\Users\dahli\OneDrive\Documents\ACRPatchesGrid\OPF_97.0_patch57.png,FALSE,FALSE,TRUE
C:\Users\dahli\OneDrive\Documents\ACRPatchesGrid\OPF_97.0_patch58.png,FALSE,FALSE,TRUE
C:\Users\dahli\OneDrive\Documents\ACRPatchesGrid\OPF_97.0_patch59.png,FALSE,FALSE,TRUE
C:\Users\dahli\OneDrive\Documents\ACRPatchesGrid\OPF_97.0_patch60.png,FALSE,FALSE,TRUE
C:\Users\dahli\OneDrive\Documents\ACRPatchesGrid\OPF_97.0_patch61.png,FALSE,FALSE,TRUE
C:\Users\dahli\OneDrive\Documents\ACRPatchesGrid\OPF_97.0_patch62.png,FALSE,FALSE,TRUE
C:\Users\dahli\OneDrive\Documents\ACRPatchesGrid\OPF_97.0_patch63.png,FALSE,FALSE,TRUE
C:\Users\dahli\OneDrive\Documents\ACRPatchesGrid\OPF_97.0_patch64.png,FALSE,FALSE,TRUE
C:\Users\dahli\OneDrive\Documents\ACRPatchesGrid\OPF_97.0_patch65.png,FALSE,FALSE,TRUE
C:\Users\dahli\OneDrive\Documents\ACRPatchesGrid\OPF_97.0_patch66.png,FALSE,FALSE,TRUE
C:\Users\dahli\OneDrive\Documents\ACRPatchesGrid\OPF_97.0_patch67.png,FALSE,FALSE,TRUE
C:\Users\dahli\OneDrive\Documents\ACRPatchesGrid\OPF_97.0_patch68.png,FALSE,FALSE,TRUE
C:\Users\dahli\OneDrive\Documents\ACRPatchesGrid\OPF_97.0_patch69.png,FALSE,FALSE,TRUE
C:\Users\dahli\OneDrive\Documents\ACRPatchesGrid\OPF_97.0_patch70.png,FALSE,FALSE,TRUE
C:\Users\dahli\OneDrive\Documents\ACRPatchesGrid\OPF_97.0_patch71.png,FALSE,FALSE,TRUE
C:\Users\dahli\OneDrive\Documents\ACRPatchesGrid\OPF_97.0_patch72.png,FALSE,FALSE,TRUE
C:\Users\dahli\OneDrive\Documents\ACRPatchesGrid\OPF_97.0_patch73.png,FALSE,FALSE,TRUE
C:\Users\dahli\OneDrive\Documents\ACRPatchesGrid\OPF_97.0_patch74.png,FALSE,FALSE,TRUE
C:\Users\dahli\OneDrive\Documents\ACRPatchesGrid\OPF_97.0_patch75.png,FALSE,FALSE,TRUE
C:\Users\dahli\OneDrive\Documents\ACRPatchesGrid\OPF_97.0_patch76.png,FALSE,FALSE,TRUE
C:\Users\dahli\OneDrive\Documents\ACRPatchesGrid\OPF_97.0_patch77.png,FALSE,FALSE,TRUE
C:\Users\dahli\OneDrive\Documents\ACRPatchesGrid\OPF_97.0_patch78.png,FALSE,FALSE,TRUE
C:\Users\dahli\OneDrive\Documents\ACRPatchesGrid\OPF_97.0_patch79.png,FALSE,FALSE,TRUE
C:\Users\dahli\OneDrive\Documents\ACRPatchesGrid\OPF_97.0_patch80.png,FALSE,FALSE,TRUE
C:\Users\dahli\OneDrive\Documents\ACRPatchesGrid\OPF_97.0_patch81.png,FALSE,FALSE,TRUE
C:\Users\dahli\OneDrive\Documents\ACRPatchesGrid\OPF_97.0_patch82.png,FALSE,FALSE,TRUE
C:\Users\dahli\OneDrive\Documents\ACRPatchesGrid\OPF_97.0_patch83.png,FALSE,FALSE,TRUE
C:\Users\dahli\OneDrive\Documents\ACRPatchesGrid\OPF_97.0_patch84.png,FALSE,FALSE,TRUE
C:\Users\dahli\OneDrive\Documents\ACRPatchesGrid\OPF_97.0_patch85.png,FALSE,FALSE,TRUE
C:\Users\dahli\OneDrive\Documents\ACRPatchesGrid\OPF_97.0_patch86.png,FALSE,FALSE,TRUE
C:\Users\dahli\OneDrive\Documents\ACRPatchesGrid\OPF_97.0_patch87.png,FALSE,FALSE,TRUE
C:\Users\dahli\OneDrive\Documents\ACRPatchesGrid\OPF_97.0_patch88.png,FALSE,FALSE,TRUE
C:\Users\dahli\OneDrive\Documents\ACRPatchesGrid\OPF_97.0_patch89.png,FALSE,FALSE,TRUE
C:\Users\dahli\OneDrive\Documents\ACRPatchesGrid\OPF_97.0_patch90.png,FALSE,FALSE,TRUE
C:\Users\dahli\OneDrive\Documents\ACRPatchesGrid\OPF_97.0_patch91.png,FALSE,FALSE,TRUE
C:\Users\dahli\OneDrive\Documents\ACRPatchesGrid\OPF_97.0_patch92.png,FALSE,FALSE,TRUE
C:\Users\dahli\OneDrive\Documents\ACRPatchesGrid\OPF_97.0_patch93.png,FALSE,FALSE,TRUE
C:\Users\dahli\OneDrive\Documents\ACRPatchesGrid\OPF_97.0_patch94.png,FALSE,FALSE,TRUE
C:\Users\dahli\OneDrive\Documents\ACRPatchesGrid\OPF_97.0_patch95.png,FALSE,FALSE,TRUE
C:\Users\dahli\OneDrive\Documents\ACRPatchesGrid\OPF_97.0_patch96.png,FALSE,FALSE,TRUE
C:\Users\dahli\OneDrive\Documents\ACRPatchesGrid\OPF_97.0_patch97.png,FALSE,FALSE,TRUE
C:\Users\dahli\OneDrive\Documents\ACRPatchesGrid\OPF_97.0_patch98.png,FALSE,FALSE,TRUE
C:\Users\dahli\OneDrive\Documents\ACRPatchesGrid\OPF_97.0_patch99.png,FALSE,FALSE,TRUE
C:\Users\dahli\OneDrive\Documents\ACRPatchesGrid\OPF_97.0_patch100.png,FALSE,FALSE,TRUE
C:\Users\dahli\OneDrive\Documents\ACRPatchesGrid\OPF_97.0_patch101.png,FALSE,FALSE,TRUE
C:\Users\dahli\OneDrive\Documents\ACRPatchesGrid\OPF_97.0_patch102.png,FALSE,FALSE,TRUE
C:\Users\dahli\OneDrive\Documents\ACRPatchesGrid\OPF_97.0_patch103.png,FALSE,FALSE,TRUE
C:\Users\dahli\OneDrive\Documents\ACRPatchesGrid\OPF_97.0_patch104.png,FALSE,FALSE,TRUE
C:\Users\dahli\OneDrive\Documents\ACRPatchesGrid\OPF_97.0_patch105.png,FALSE,FALSE,TRUE
C:\Users\dahli\OneDrive\Documents\ACRPatchesGrid\OPF_97.0_patch106.png,FALSE,FALSE,TRUE
C:\Users\dahli\OneDrive\Documents\ACRPatchesGrid\OPF_97.0_patch107.png,FALSE,FALSE,TRUE
C:\Users\dahli\OneDrive\Documents\ACRPatchesGrid\OPF_97.0_patch108.png,FALSE,FALSE,TRUE
,FALSE,FALSE,FALSE
,FALSE,FALSE,FALSE
,FALSE,FALSE,FALSE
,FALSE,FALSE,FALSE
,FALSE,FALSE,FALSE
,FALSE,FALSE,FALSE
,FALSE,FALSE,FALSE
,FALSE,FALSE,FALSE
,FALSE,FALSE,FALSE
,FALSE,FALSE,FALSE
,FALSE,FALSE,FALSE
,FALSE,FALSE,FALSE
,FALSE,FALSE,FALSE
,FALSE,FALSE,FALSE
,FALSE,FALSE,FALSE
,FALSE,FALSE,FALSE
,FALSE,FALSE,FALSE
,FALSE,FALSE,FALSE
,FALSE,FALSE,FALSE
,FALSE,FALSE,FALSE
,FALSE,FALSE,FALSE
,FALSE,FALSE,FALSE
,FALSE,FALSE,FALSE
,FALSE,FALSE,FALSE
,FALSE,FALSE,FALSE
,FALSE,FALSE,FALSE
,FALSE,FALSE,FALSE
,FALSE,FALSE,FALSE
,FALSE,FALSE,FALSE
,FALSE,FALSE,FALSE
,FALSE,FALSE,FALSE
,FALSE,FALSE,FALSE
,FALSE,FALSE,FALSE
,FALSE,FALSE,FALSE
,FALSE,FALSE,FALSE
,FALSE,FALSE,FALSE
,FALSE,FALSE,FALSE
,FALSE,FALSE,FALSE
,FALSE,FALSE,FALSE
,FALSE,FALSE,FALSE
,FALSE,FALSE,FALSE
,FALSE,FALSE,FALSE
,FALSE,FALSE,FALSE
,FALSE,FALSE,FALSE
,FALSE,FALSE,FALSE
,FALSE,FALSE,FALSE
,FALSE,FALSE,FALSE
,FALSE,FALSE,FALSE
,FALSE,FALSE,FALSE
,FALSE,FALSE,FALSE
,FALSE,FALSE,FALSE
,FALSE,FALSE,FALSE
,FALSE,FALSE,FALSE
,FALSE,FALSE,FALSE
,FALSE,FALSE,FALSE
,FALSE,FALSE,FALSE
,FALSE,FALSE,FALSE
,FALSE,FALSE,FALSE
,FALSE,FALSE,FALSE
,FALSE,FALSE,FALSE
,FALSE,FALSE,FALSE
,FALSE,FALSE,FALSE
,FALSE,FALSE,FALSE
,FALSE,FALSE,FALSE
,FALSE,FALSE,FALSE
,FALSE,FALSE,FALSE
,FALSE,FALSE,FALSE
,FALSE,FALSE,FALSE
,FALSE,FALSE,FALSE
,FALSE,FALSE,FALSE
,FALSE,FALSE,FALSE
,FALSE,FALSE,FALSE
,FALSE,FALSE,FALSE
,FALSE,FALSE,FALSE
,FALSE,FALSE,FALSE
,FALSE,FALSE,FALSE
,FALSE,FALSE,FALSE
,FALSE,FALSE,FALSE
,FALSE,FALSE,FALSE
,FALSE,FALSE,FALSE
,FALSE,FALSE,FALSE
,FALSE,FALSE,FALSE
,FALSE,FALSE,FALSE
,FALSE,FALSE,FALSE
,FALSE,FALSE,FALSE
,FALSE,FALSE,FALSE
,FALSE,FALSE,FALSE
,FALSE,FALSE,FALSE
,FALSE,FALSE,FALSE
,FALSE,FALSE,FALSE
,FALSE,FALSE,FALSE
,FALSE,FALSE,FALSE
,FALSE,FALSE,FALSE
,FALSE,FALSE,FALSE
,FALSE,FALSE,FALSE
,FALSE,FALSE,FALSE
,FALSE,FALSE,FALSE
,FALSE,FALSE,FALSE
,FALSE,FALSE,FALSE
,FALSE,FALSE,FALSE
,FALSE,FALSE,FALSE
,FALSE,FALSE,FALSE
,FALSE,FALSE,FALSE
,FALSE,FALSE,FALSE
,FALSE,FALSE,FALSE
,FALSE,FALSE,FALSE
,FALSE,FALSE,FALSE
,FALSE,FALSE,FALSE
,FALSE,FALSE,FALSE
,FALSE,FALSE,FALSE
,FALSE,FALSE,FALSE
,FALSE,FALSE,FALSE
,FALSE,FALSE,FALSE
,FALSE,FALSE,FALSE
,FALSE,FALSE,FALSE
,FALSE,FALSE,FALSE
,FALSE,FALSE,FALSE
,FALSE,FALSE,FALSE
,FALSE,FALSE,FALSE
,FALSE,FALSE,FALSE
,FALSE,FALSE,FALSE
,FALSE,FALSE,FALSE
,FALSE,FALSE,FALSE
,FALSE,FALSE,FALSE
,FALSE,FALSE,FALSE
,FALSE,FALSE,FALSE
,FALSE,FALSE,FALSE
,FALSE,FALSE,FALSE
,FALSE,FALSE,FALSE
,FALSE,FALSE,FALSE
,FALSE,FALSE,FALSE
,FALSE,FALSE,FALSE
,FALSE,FALSE,FALSE
,FALSE,FALSE,FALSE
,FALSE,FALSE,FALSE
,FALSE,FALSE,FALSE
,FALSE,FALSE,FALSE
,FALSE,FALSE,FALSE
,FALSE,FALSE,FALSE
,FALSE,FALSE,FALSE
,FALSE,FALSE,FALSE
,FALSE,FALSE,FALSE
,FALSE,FALSE,FALSE
,FALSE,FALSE,FALSE
,FALSE,FALSE,FALSE
,FALSE,FALSE,FALSE
,FALSE,FALSE,FALSE
,FALSE,FALSE,FALSE
,FALSE,FALSE,FALSE
,FALSE,FALSE,FALSE
,FALSE,FALSE,FALSE
,FALSE,FALSE,FALSE
,FALSE,FALSE,FALSE
,FALSE,FALSE,FALSE
,FALSE,FALSE,FALSE
,FALSE,FALSE,FALSE
,FALSE,FALSE,FALSE
,FALSE,FALSE,FALSE
,FALSE,FALSE,FALSE
,FALSE,FALSE,FALSE
,FALSE,FALSE,FALSE
,FALSE,FALSE,FALSE
,FALSE,FALSE,FALSE
,FALSE,FALSE,FALSE
,FALSE,FALSE,FALSE
,FALSE,FALSE,FALSE
,FALSE,FALSE,FALSE
,FALSE,FALSE,FALSE
,FALSE,FALSE,FALSE
,FALSE,FALSE,FALSE
,FALSE,FALSE,FALSE
,FALSE,FALSE,FALSE
,FALSE,FALSE,FALSE
,FALSE,FALSE,FALSE
,FALSE,FALSE,FALSE
,FALSE,FALSE,FALSE
,FALSE,FALSE,FALSE
,FALSE,FALSE,FALSE
,FALSE,FALSE,FALSE
,FALSE,FALSE,FALSE
,FALSE,FALSE,FALSE
,FALSE,FALSE,FALSE
,FALSE,FALSE,FALSE
,FALSE,FALSE,FALSE
,FALSE,FALSE,FALSE
,FALSE,FALSE,FALSE
,FALSE,FALSE,FALSE
,FALSE,FALSE,FALSE
,FALSE,FALSE,FALSE
,FALSE,FALSE,FALSE
,FALSE,FALSE,FALSE
,FALSE,FALSE,FALSE
,FALSE,FALSE,FALSE
,FALSE,FALSE,FALSE
,FALSE,FALSE,FALSE
,FALSE,FALSE,FALSE
,FALSE,FALSE,FALSE
,FALSE,FALSE,FALSE
,FALSE,FALSE,FALSE
,FALSE,FALSE,FALSE
,FALSE,FALSE,FALSE
,FALSE,FALSE,FALSE
,FALSE,FALSE,FALSE
,FALSE,FALSE,FALSE
,FALSE,FALSE,FALSE
,FALSE,FALSE,FALSE
,FALSE,FALSE,FALSE
,FALSE,FALSE,FALSE
,FALSE,FALSE,FALSE
,FALSE,FALSE,FALSE
,FALSE,FALSE,FALSE
,FALSE,FALSE,FALSE
,FALSE,FALSE,FALSE
,FALSE,FALSE,FALSE
,FALSE,FALSE,FALSE
,FALSE,FALSE,FALSE
,FALSE,FALSE,FALSE
,FALSE,FALSE,FALSE
,FALSE,FALSE,FALSE
,FALSE,FALSE,FALSE
,FALSE,FALSE,FALSE
,FALSE,FALSE,FALSE
,FALSE,FALSE,FALSE
,FALSE,FALSE,FALSE
,FALSE,FALSE,FALSE
,FALSE,FALSE,FALSE
,FALSE,FALSE,FALSE
,FALSE,FALSE,FALSE
,FALSE,FALSE,FALSE
,FALSE,FALSE,FALSE
,FALSE,FALSE,FALSE
,FALSE,FALSE,FALSE
,FALSE,FALSE,FALSE
,FALSE,FALSE,FALSE
,FALSE,FALSE,FALSE
,FALSE,FALSE,FALSE
,FALSE,FALSE,FALSE
,FALSE,FALSE,FALSE
,FALSE,FALSE,FALSE
,FALSE,FALSE,FALSE
,FALSE,FALSE,FALSE
,FALSE,FALSE,FALSE
,FALSE,FALSE,FALSE
,FALSE,FALSE,FALSE
,FALSE,FALSE,FALSE
,FALSE,FALSE,FALSE
,FALSE,FALSE,FALSE
,FALSE,FALSE,FALSE
,FALSE,FALSE,FALSE
,FALSE,FALSE,FALSE
,FALSE,FALSE,FALSE
,FALSE,FALSE,FALSE
,FALSE,FALSE,FALSE
,FALSE,FALSE,FALSE
,FALSE,FALSE,FALSE
,FALSE,FALSE,FALSE
,FALSE,FALSE,FALSE
,FALSE,FALSE,FALSE
,FALSE,FALSE,FALSE
,FALSE,FALSE,FALSE
,FALSE,FALSE,FALSE
,FALSE,FALSE,FALSE
,FALSE,FALSE,FALSE
,FALSE,FALSE,FALSE
,FALSE,FALSE,FALSE
,FALSE,FALSE,FALSE
,FALSE,FALSE,FALSE
,FALSE,FALSE,FALSE
,FALSE,FALSE,FALSE
,FALSE,FALSE,FALSE
,FALSE,FALSE,FALSE
,FALSE,FALSE,FALSE
,FALSE,FALSE,FALSE
,FALSE,FALSE,FALSE
,FALSE,FALSE,FALSE
,FALSE,FALSE,FALSE
,FALSE,FALSE,FALSE
,FALSE,FALSE,FALSE
,FALSE,FALSE,FALSE
,FALSE,FALSE,FALSE
,FALSE,FALSE,FALSE
,FALSE,FALSE,FALSE
,FALSE,FALSE,FALSE
,FALSE,FALSE,FALSE
,FALSE,FALSE,FALSE
,FALSE,FALSE,FALSE
,FALSE,FALSE,FALSE
,FALSE,FALSE,FALSE
,FALSE,FALSE,FALSE
,FALSE,FALSE,FALSE
,FALSE,FALSE,FALSE
,FALSE,FALSE,FALSE
,FALSE,FALSE,FALSE
,FALSE,FALSE,FALSE
,FALSE,FALSE,FALSE
,FALSE,FALSE,FALSE
,FALSE,FALSE,FALSE
,FALSE,FALSE,FALSE
,FALSE,FALSE,FALSE
,FALSE,FALSE,FALSE
,FALSE,FALSE,FALSE
,FALSE,FALSE,FALSE
,FALSE,FALSE,FALSE
,FALSE,FALSE,FALSE
,FALSE,FALSE,FALSE
,FALSE,FALSE,FALSE
,FALSE,FALSE,FALSE
,FALSE,FALSE,FALSE
,FALSE,FALSE,FALSE
,FALSE,FALSE,FALSE
,FALSE,FALSE,FALSE
,FALSE,FALSE,FALSE
,FALSE,FALSE,FALSE
,FALSE,FALSE,FALSE
,FALSE,FALSE,FALSE
,FALSE,FALSE,FALSE
,FALSE,FALSE,FALSE
,FALSE,FALSE,FALSE
,FALSE,FALSE,FALSE
,FALSE,FALSE,FALSE
,FALSE,FALSE,FALSE
,FALSE,FALSE,FALSE
,FALSE,FALSE,FALSE
,FALSE,FALSE,FALSE
,FALSE,FALSE,FALSE
,FALSE,FALSE,FALSE
,FALSE,FALSE,FALSE
,FALSE,FALSE,FALSE
,FALSE,FALSE,FALSE
,FALSE,FALSE,FALSE
,FALSE,FALSE,FALSE
,FALSE,FALSE,FALSE
,FALSE,FALSE,FALSE
,FALSE,FALSE,FALSE
,FALSE,FALSE,FALSE
,FALSE,FALSE,FALSE
,FALSE,FALSE,FALSE
,FALSE,FALSE,FALSE
,FALSE,FALSE,FALSE
,FALSE,FALSE,FALSE
,FALSE,FALSE,FALSE
,FALSE,FALSE,FALSE
,FALSE,FALSE,FALSE
,FALSE,FALSE,FALSE
,FALSE,FALSE,FALSE
,FALSE,FALSE,FALSE
,FALSE,FALSE,FALSE
,FALSE,FALSE,FALSE
,FALSE,FALSE,FALSE
,FALSE,FALSE,FALSE
,FALSE,FALSE,FALSE
,FALSE,FALSE,FALSE
,FALSE,FALSE,FALSE
,FALSE,FALSE,FALSE
,FALSE,FALSE,FALSE
,FALSE,FALSE,FALSE
,FALSE,FALSE,FALSE
,FALSE,FALSE,FALSE
,FALSE,FALSE,FALSE
,FALSE,FALSE,FALSE
,FALSE,FALSE,FALSE
,FALSE,FALSE,FALSE
,FALSE,FALSE,FALSE
,FALSE,FALSE,FALSE
,FALSE,FALSE,FALSE
,FALSE,FALSE,FALSE
,FALSE,FALSE,FALSE
,FALSE,FALSE,FALSE
,FALSE,FALSE,FALSE
,FALSE,FALSE,FALSE
,FALSE,FALSE,FALSE
,FALSE,FALSE,FALSE
,FALSE,FALSE,FALSE
,FALSE,FALSE,FALSE
,FALSE,FALSE,FALSE
,FALSE,FALSE,FALSE
,FALSE,FALSE,FALSE
,FALSE,FALSE,FALSE
,FALSE,FALSE,FALSE
,FALSE,FALSE,FALSE
,FALSE,FALSE,FALSE
,FALSE,FALSE,FALSE
,FALSE,FALSE,FALSE
,FALSE,FALSE,FALSE
,FALSE,FALSE,FALSE
,FALSE,FALSE,FALSE
,FALSE,FALSE,FALSE
,FALSE,FALSE,FALSE
,FALSE,FALSE,FALSE
,FALSE,FALSE,FALSE
,FALSE,FALSE,FALSE
,FALSE,FALSE,FALSE
,FALSE,FALSE,FALSE
,FALSE,FALSE,FALSE
,FALSE,FALSE,FALSE
,FALSE,FALSE,FALSE
,FALSE,FALSE,FALSE
,FALSE,FALSE,FALSE
,FALSE,FALSE,FALSE
,FALSE,FALSE,FALSE
,FALSE,FALSE,FALSE
,FALSE,FALSE,FALSE
,FALSE,FALSE,FALSE
,FALSE,FALSE,FALSE
,FALSE,FALSE,FALSE
,FALSE,FALSE,FALSE
,FALSE,FALSE,FALSE
,FALSE,FALSE,FALSE
,FALSE,FALSE,FALSE
,FALSE,FALSE,FALSE
,FALSE,FALSE,FALSE
,FALSE,FALSE,FALSE
,FALSE,FALSE,FALSE
,FALSE,FALSE,FALSE
,FALSE,FALSE,FALSE
,FALSE,FALSE,FALSE
,FALSE,FALSE,FALSE
,FALSE,FALSE,FALSE
,FALSE,FALSE,FALSE
,FALSE,FALSE,FALSE
,FALSE,FALSE,FALSE
,FALSE,FALSE,FALSE
,FALSE,FALSE,FALSE
,FALSE,FALSE,FALSE
,FALSE,FALSE,FALSE
,FALSE,FALSE,FALSE
,FALSE,FALSE,FALSE
,FALSE,FALSE,FALSE
,FALSE,FALSE,FALSE
,FALSE,FALSE,FALSE
,FALSE,FALSE,FALSE
,FALSE,FALSE,FALSE
,FALSE,FALSE,FALSE
,FALSE,FALSE,FALSE
,FALSE,FALSE,FALSE
,FALSE,FALSE,FALSE
,FALSE,FALSE,FALSE
,FALSE,FALSE,FALSE
,FALSE,FALSE,FALSE
,FALSE,FALSE,FALSE
,FALSE,FALSE,FALSE
,FALSE,FALSE,FALSE
,FALSE,FALSE,FALSE
,FALSE,FALSE,FALSE
,FALSE,FALSE,FALSE
,FALSE,FALSE,FALSE
,FALSE,FALSE,FALSE
,FALSE,FALSE,FALSE
,FALSE,FALSE,FALSE
,FALSE,FALSE,FALSE
,FALSE,FALSE,FALSE
,FALSE,FALSE,FALSE
,FALSE,FALSE,FALSE
,FALSE,FALSE,FALSE
,FALSE,FALSE,FALSE
,FALSE,FALSE,FALSE
,FALSE,FALSE,FALSE
,FALSE,FALSE,FALSE
,FALSE,FALSE,FALSE
,FALSE,FALSE,FALSE
,FALSE,FALSE,FALSE
,FALSE,FALSE,FALSE
,FALSE,FALSE,FALSE
,FALSE,FALSE,FALSE
,FALSE,FALSE,FALSE
,FALSE,FALSE,FALSE
,FALSE,FALSE,FALSE
,FALSE,FALSE,FALSE
,FALSE,FALSE,FALSE
,FALSE,FALSE,FALSE
,FALSE,FALSE,FALSE
,FALSE,FALSE,FALSE
,FALSE,FALSE,FALSE
,FALSE,FALSE,FALSE
,FALSE,FALSE,FALSE
,FALSE,FALSE,FALSE
,FALSE,FALSE,FALSE
,FALSE,FALSE,FALSE
,FALSE,FALSE,FALSE
,FALSE,FALSE,FALSE
,FALSE,FALSE,FALSE
,FALSE,FALSE,FALSE
,FALSE,FALSE,FALSE
,FALSE,FALSE,FALSE
,FALSE,FALSE,FALSE
,FALSE,FALSE,FALSE
,FALSE,FALSE,FALSE
,FALSE,FALSE,FALSE
,FALSE,FALSE,FALSE
,FALSE,FALSE,FALSE
,FALSE,FALSE,FALSE
,FALSE,FALSE,FALSE
,FALSE,FALSE,FALSE
,FALSE,FALSE,FALSE
,FALSE,FALSE,FALSE
,FALSE,FALSE,FALSE
,FALSE,FALSE,FALSE
,FALSE,FALSE,FALSE
,FALSE,FALSE,FALSE
,FALSE,FALSE,FALSE
,FALSE,FALSE,FALSE
,FALSE,FALSE,FALSE
,FALSE,FALSE,FALSE
,FALSE,FALSE,FALSE
,FALSE,FALSE,FALSE
,FALSE,FALSE,FALSE
,FALSE,FALSE,FALSE
,FALSE,FALSE,FALSE
,FALSE,FALSE,FALSE
,FALSE,FALSE,FALSE
,FALSE,FALSE,FALSE
,FALSE,FALSE,FALSE
,FALSE,FALSE,FALSE
,FALSE,FALSE,FALSE
,FALSE,FALSE,FALSE
,FALSE,FALSE,FALSE
,FALSE,FALSE,FALSE
,FALSE,FALSE,FALSE
,FALSE,FALSE,FALSE
,FALSE,FALSE,FALSE
,FALSE,FALSE,FALSE
,FALSE,FALSE,FALSE
,FALSE,FALSE,FALSE
,FALSE,FALSE,FALSE
,FALSE,FALSE,FALSE
,FALSE,FALSE,FALSE
,FALSE,FALSE,FALSE
,FALSE,FALSE,FALSE
,FALSE,FALSE,FALSE
,FALSE,FALSE,FALSE
,FALSE,FALSE,FALSE
,FALSE,FALSE,FALSE
,FALSE,FALSE,FALSE
,FALSE,FALSE,FALSE
,FALSE,FALSE,FALSE
,FALSE,FALSE,FALSE
,FALSE,FALSE,FALSE
,FALSE,FALSE,FALSE
,FALSE,FALSE,FALSE
,FALSE,FALSE,FALSE
,FALSE,FALSE,FALSE
,FALSE,FALSE,FALSE
,FALSE,FALSE,FALSE
,FALSE,FALSE,FALSE
,FALSE,FALSE,FALSE
,FALSE,FALSE,FALSE
,FALSE,FALSE,FALSE
,FALSE,FALSE,FALSE
,FALSE,FALSE,FALSE
,FALSE,FALSE,FALSE
,FALSE,FALSE,FALSE
,FALSE,FALSE,FALSE
,FALSE,FALSE,FALSE
,FALSE,FALSE,FALSE
,FALSE,FALSE,FALSE
,FALSE,FALSE,FALSE
,FALSE,FALSE,FALSE
,FALSE,FALSE,FALSE
,FALSE,FALSE,FALSE
,FALSE,FALSE,FALSE
,FALSE,FALSE,FALSE
,FALSE,FALSE,FALSE
,FALSE,FALSE,FALSE
,FALSE,FALSE,FALSE
,FALSE,FALSE,FALSE
,FALSE,FALSE,FALSE
,FALSE,FALSE,FALSE
,FALSE,FALSE,FALSE
,FALSE,FALSE,FALSE
,FALSE,FALSE,FALSE
,FALSE,FALSE,FALSE
,FALSE,FALSE,FALSE
,FALSE,FALSE,FALSE
,FALSE,FALSE,FALSE
,FALSE,FALSE,FALSE
,FALSE,FALSE,FALSE
,FALSE,FALSE,FALSE
,FALSE,FALSE,FALSE
,FALSE,FALSE,FALSE
,FALSE,FALSE,FALSE
,FALSE,FALSE,FALSE
,FALSE,FALSE,FALSE
,FALSE,FALSE,FALSE
,FALSE,FALSE,FALSE
,FALSE,FALSE,FALSE
,FALSE,FALSE,FALSE
,FALSE,FALSE,FALSE
,FALSE,FALSE,FALSE
,FALSE,FALSE,FALSE
,FALSE,FALSE,FALSE
,FALSE,FALSE,FALSE
,FALSE,FALSE,FALSE
,FALSE,FALSE,FALSE
,FALSE,FALSE,FALSE
,FALSE,FALSE,FALSE
,FALSE,FALSE,FALSE
,FALSE,FALSE,FALSE
,FALSE,FALSE,FALSE
,FALSE,FALSE,FALSE
,FALSE,FALSE,FALSE
,FALSE,FALSE,FALSE
,FALSE,FALSE,FALSE
,FALSE,FALSE,FALSE
,FALSE,FALSE,FALSE
,FALSE,FALSE,FALSE
,FALSE,FALSE,FALSE
,FALSE,FALSE,FALSE
,FALSE,FALSE,FALSE
,FALSE,FALSE,FALSE
,FALSE,FALSE,FALSE
,FALSE,FALSE,FALSE
,FALSE,FALSE,FALSE
,FALSE,FALSE,FALSE
,FALSE,FALSE,FALSE
,FALSE,FALSE,FALSE
,FALSE,FALSE,FALSE
,FALSE,FALSE,FALSE
,FALSE,FALSE,FALSE
,FALSE,FALSE,FALSE
,FALSE,FALSE,FALSE
,FALSE,FALSE,FALSE
,FALSE,FALSE,FALSE
,FALSE,FALSE,FALSE
,FALSE,FALSE,FALSE
,FALSE,FALSE,FALSE
,FALSE,FALSE,FALSE
,FALSE,FALSE,FALSE
,FALSE,FALSE,FALSE
,FALSE,FALSE,FALSE
,FALSE,FALSE,FALSE
,FALSE,FALSE,FALSE
,FALSE,FALSE,FALSE
,FALSE,FALSE,FALSE
,FALSE,FALSE,FALSE
,FALSE,FALSE,FALSE
,FALSE,FALSE,FALSE
,FALSE,FALSE,FALSE
,FALSE,FALSE,FALSE
,FALSE,FALSE,FALSE
,FALSE,FALSE,FALSE
,FALSE,FALSE,FALSE
,FALSE,FALSE,FALSE
,FALSE,FALSE,FALSE
,FALSE,FALSE,FALSE
,FALSE,FALSE,FALSE
,FALSE,FALSE,FALSE
,FALSE,FALSE,FALSE
,FALSE,FALSE,FALSE
,FALSE,FALSE,FALSE
,FALSE,FALSE,FALSE
,FALSE,FALSE,FALSE
,FALSE,FALSE,FALSE
,FALSE,FALSE,FALSE
,FALSE,FALSE,FALSE
,FALSE,FALSE,FALSE
,FALSE,FALSE,FALSE
,FALSE,FALSE,FALSE
,FALSE,FALSE,FALSE
,FALSE,FALSE,FALSE
,FALSE,FALSE,FALSE
,FALSE,FALSE,FALSE
,FALSE,FALSE,FALSE
,FALSE,FALSE,FALSE
,FALSE,FALSE,FALSE
,FALSE,FALSE,FALSE
,FALSE,FALSE,FALSE
,FALSE,FALSE,FALSE
,FALSE,FALSE,FALSE
,FALSE,FALSE,FALSE
,FALSE,FALSE,FALSE
,FALSE,FALSE,FALSE
,FALSE,FALSE,FALSE
,FALSE,FALSE,FALSE
,FALSE,FALSE,FALSE
,FALSE,FALSE,FALSE
,FALSE,FALSE,FALSE
,FALSE,FALSE,FALSE
,FALSE,FALSE,FALSE
,FALSE,FALSE,FALSE
,FALSE,FALSE,FALSE
,FALSE,FALSE,FALSE
,FALSE,FALSE,FALSE
,FALSE,FALSE,FALSE
,FALSE,FALSE,FALSE
,FALSE,FALSE,FALSE
,FALSE,FALSE,FALSE
,FALSE,FALSE,FALSE
,FALSE,FALSE,FALSE
,FALSE,FALSE,FALSE
,FALSE,FALSE,FALSE
,FALSE,FALSE,FALSE
,FALSE,FALSE,FALSE
,FALSE,FALSE,FALSE
,FALSE,FALSE,FALSE
,FALSE,FALSE,FALSE
,FALSE,FALSE,FALSE
,FALSE,FALSE,FALSE
,FALSE,FALSE,FALSE
,FALSE,FALSE,FALSE
,FALSE,FALSE,FALSE
,FALSE,FALSE,FALSE
,FALSE,FALSE,FALSE
,FALSE,FALSE,FALSE
,FALSE,FALSE,FALSE
,FALSE,FALSE,FALSE
,FALSE,FALSE,FALSE
,FALSE,FALSE,FALSE
,FALSE,FALSE,FALSE
,FALSE,FALSE,FALSE
,FALSE,FALSE,FALSE
,FALSE,FALSE,FALSE
,FALSE,FALSE,FALSE
,FALSE,FALSE,FALSE
,FALSE,FALSE,FALSE
,FALSE,FALSE,FALSE
,FALSE,FALSE,FALSE
,FALSE,FALSE,FALSE
,FALSE,FALSE,FALSE
,FALSE,FALSE,FALSE
,FALSE,FALSE,FALSE
,FALSE,FALSE,FALSE
,FALSE,FALSE,FALSE
,FALSE,FALSE,FALSE
,FALSE,FALSE,FALSE
,FALSE,FALSE,FALSE
,FALSE,FALSE,FALSE
,FALSE,FALSE,FALSE
,FALSE,FALSE,FALSE
,FALSE,FALSE,FALSE
,FALSE,FALSE,FALSE
,FALSE,FALSE,FALSE
,FALSE,FALSE,FALSE
,FALSE,FALSE,FALSE
,FALSE,FALSE,FALSE
,FALSE,FALSE,FALSE
,FALSE,FALSE,FALSE
,FALSE,FALSE,FALSE
,FALSE,FALSE,FALSE
,FALSE,FALSE,FALSE
,FALSE,FALSE,FALSE
,FALSE,FALSE,FALSE
,FALSE,FALSE,FALSE
,FALSE,FALSE,FALSE
,FALSE,FALSE,FALSE
,FALSE,FALSE,FALSE
,FALSE,FALSE,FALSE
,FALSE,FALSE,FALSE
,FALSE,FALSE,FALSE
,FALSE,FALSE,FALSE
,FALSE,FALSE,FALSE
,FALSE,FALSE,FALSE
,FALSE,FALSE,FALSE
,FALSE,FALSE,FALSE
,FALSE,FALSE,FALSE
,FALSE,FALSE,FALSE
,FALSE,FALSE,FALSE
,FALSE,FALSE,FALSE
,FALSE,FALSE,FALSE
,FALSE,FALSE,FALSE
,FALSE,FALSE,FALSE
,FALSE,FALSE,FALSE
,FALSE,FALSE,FALSE
,FALSE,FALSE,FALSE
,FALSE,FALSE,FALSE
,FALSE,FALSE,FALSE
,FALSE,FALSE,FALSE
,FALSE,FALSE,FALSE
,FALSE,FALSE,FALSE
,FALSE,FALSE,FALSE
,FALSE,FALSE,FALSE